titles,year,imdb_rating,num_votes,genre,film_rating,director,lead_actor,gross,max_theaters,opening_gross,opening_weekend_perc,opening_theaters,open_date,close_date,Race,Race_Specific,Male
Black Panther,2018,7.3,637759,Action,PG-13,Ryan Coogler,Chadwick Boseman,700059566,4084,202003951,28.9,4084,2/1/2018,2/1/2018,POC,Black,1
Star Wars: Episode VIII - The Last Jedi,2017,7,571477,Action,PG-13,Rian Johnson,Daisy Ridley,620181382,4232,220009584,35.5,4232,12/1/2017,12/1/2017,Not POC,White,0
Incredibles 2,2018,7.6,254766,Action,PG,Brad Bird,Craig T. Nelson,608581744,4474,182687905,30,4474,4/1/2018,4/1/2018,Not POC,White,1
The Lion King,2019,6.9,216090,Action,PG,Jon Favreau,Donald Glover,543638043,4662,191770759,35.3,4662,9/1/2019,9/1/2019,POC,Black,1
Beauty and the Beast,2017,7.1,277780,Action,PG,Bill Condon,Emma Watson,504014165,4232,174750616,34.7,4232,4/1/2017,4/1/2017,Not POC,White,0
Frozen II,2019,6.9,141197,Action,PG,Chris Buck,Jennifer Lee,477373578,4725,130263358,27.3,4725,12/1/2019,12/1/2019,Not POC,White,0
Toy Story 4,2019,7.8,208615,Action,G,Josh Cooley,Tom Hanks,434038008,4406,120908065,27.9,4406,12/1/2019,12/1/2019,Not POC,White,1
Captain Marvel,2019,6.9,460148,Action,PG-13,Anna Boden,Ryan Fleck,426829839,4406,153433423,35.9,4406,,,Not POC,White,1
Jurassic World: Fallen Kingdom,2018,6.2,270163,Action,PG-13,J.A. Bayona,Chris Pratt,417719760,4474,148024610,35.4,4474,9/1/2018,9/1/2018,Not POC,White,1
Wonder Woman,2017,7.4,583896,Action,PG-13,Patty Jenkins,Gal Gadot,412563408,4210,103251471,25,4210,3/1/2017,3/1/2017,Not POC,White,0
Jumanji: Welcome to the Jungle,2017,6.9,325184,Action,PG-13,Jake Kasdan,Dwayne Johnson,404515480,4210,36169328,8.9,4210,7/1/2017,7/1/2017,POC,Black,1
Spider-Man: Far from Home,2019,7.5,335793,Action,PG-13,Jon Watts,Tom Holland,390532085,4440,92579212,23.7,4440,11/1/2019,11/1/2019,Not POC,White,1
Guardians of the Galaxy Vol. 2,2017,7.6,579917,Action,PG-13,James Gunn,Chris Pratt,389813101,4165,146510104,37.6,4165,6/1/2017,6/1/2017,Not POC,White,1
Aladdin,2019,6.9,232121,Action,PG,Guy Ritchie,Will Smith,355559216,4440,91500929,25.7,4440,8/5/2019,,POC,Black,1
Joker,2019,8.4,973854,Action,R,Todd Phillips,Joaquin Phoenix,335451311,4575,96202337,28.7,4575,6/1/2019,6/1/2019,POC,Hispanic,1
Aquaman,2018,6.9,386531,Action,PG-13,James Wan,Jason Momoa,335061807,4410,67873522,20.3,4410,6/1/2018,6/1/2018,POC,White,1
Spider-Man: Homecoming,2017,7.4,523586,Action,PG-13,Jon Watts,Tom Holland,334201140,4165,117027503,35,4165,11/1/2017,11/1/2017,Not POC,White,1
It,2017,7.3,464975,Action,R,Andy Muschietti,Bill Skarsgård,327481748,3849,123403419,37.7,3849,12/1/2017,12/1/2017,Not POC,White,1
Jumanji: The Next Level,2019,6.6,194259,Action,PG-13,Jake Kasdan,Dwayne Johnson,320314960,4575,59251543,18.5,4575,12/1/2019,12/1/2019,POC,Black,1
Deadpool 2,2018,7.7,489396,Action,R,David Leitch,Ryan Reynolds,318491426,4410,125507153,39.4,4410,12/1/2018,12/1/2018,Not POC,White,1
Thor: Ragnarok,2017,7.9,602657,Action,PG-13,Taika Waititi,Chris Hemsworth,315058289,3765,122744989,39,3765,5/1/2017,5/1/2017,Not POC,White,1
The Grinch,2018,6.3,56923,Action,PG,Yarrow Cheney,Scott Mosier,270620950,4485,67572855,25,4485,6/1/2018,6/1/2018,Not POC,White,1
Despicable Me 3,2017,6.3,115832,Action,PG,Kyle Balda,Steve Carell,264624300,4347,72434025,27.4,4347,5/1/2017,5/1/2017,Not POC,White,1
Justice League,2017,6.2,406012,Action,PG-13,Zack Snyder,Ben Affleck,229024295,4347,93842239,41,4347,9/1/2017,9/1/2017,Not POC,White,1
Logan,2017,8.1,657892,Action,R,James Mangold,Hugh Jackman,226277068,4348,88411916,39.1,4348,7/1/2017,7/1/2017,Not POC,White,1
The Fate of the Furious,2017,6.7,207283,Action,PG-13,F. Gary Gray,Vin Diesel,226008385,4348,98786705,43.7,4348,11/1/2017,11/1/2017,POC,Hispanic,1
Mission: Impossible - Fallout,2018,7.7,295824,Action,PG-13,Christopher McQuarrie,Tom Cruise,220159104,4475,61236534,27.8,4475,10/1/2018,10/1/2018,Not POC,White,1
Ant-Man and the Wasp,2018,7,318790,Action,PG-13,Peyton Reed,Paul Rudd,216648740,4184,75812205,35,4184,12/1/2018,12/1/2018,Not POC,White,1
Bohemian Rhapsody,2018,8,460662,Action,PG-13,Bryan Singer,Rami Malek,216428042,4125,51061119,23.6,4125,4/1/2018,4/1/2018,POC,White,1
A Star Is Born,2018,7.6,340623,Action,R,Bradley Cooper,Lady Gaga,215288866,4349,42908051,19.9,4349,5/1/2018,5/1/2018,Not POC,White,0
Solo: A Star Wars Story,2018,6.9,297827,Action,PG-13,Ron Howard,Alden Ehrenreich,213767512,4349,84420489,39.5,4349,10/1/2018,10/1/2018,Not POC,White,1
Venom,2018,6.7,367663,Action,PG-13,Ruben Fleischer,Tom Hardy,213515506,4141,80255756,37.6,4141,11/1/2018,11/1/2018,Not POC,White,1
It Chapter Two,2019,6.5,211993,Action,R,Andy Muschietti,Jessica Chastain,211593228,4310,91062152,43,4310,3/1/2019,3/1/2019,Not POC,White,0
Coco,2017,8.4,396713,Action,PG,Lee Unkrich,Adrian Molina,210460015,4148,50802605,24.1,4148,9/1/2017,9/1/2017,POC,Hispanic,1
Bad Boys for Life,2020,6.6,134229,Action,R,Adil El Arbi,Will Smith,206305244,3775,62504105,30.3,3775,1/1/2020,1/1/2020,POC,Black,1
Ralph Breaks the Internet,2018,7,134986,Action,PG,Phil Johnston,Rich Moore,201091711,4141,56237634,28,4141,2/1/2018,2/1/2018,Not POC,White,1
Spider-Man: Into the Spider-Verse,2018,8.4,389412,Action,PG,Bob Persichetti,Peter Ramsey,190241310,4395,35363376,18.6,4395,7/1/2018,7/1/2018,Not POC,White,1
Dunkirk,2017,7.8,565248,Action,PG-13,Christopher Nolan,Fionn Whitehead,188045546,4103,50513488,26.9,4103,12/1/2017,12/1/2017,Not POC,White,1
A Quiet Place,2018,7.5,413917,Action,PG-13,John Krasinski,Emily Blunt,188024361,4386,50203562,26.7,4386,10/1/2018,10/1/2018,Not POC,White,0
Get Out,2017,7.7,501310,Action,R,Jordan Peele,Daniel Kaluuya,176040665,4080,33377060,19,4080,11/1/2017,11/1/2017,POC,Black,1
The Lego Batman Movie,2017,7.3,132467,Action,PG,Chris McKay,Will Arnett,175750384,4080,53003468,30.2,4080,3/1/2017,3/1/2017,Not POC,White,1
Us,2019,6.8,235094,Action,R,Jordan Peele,Lupita Nyong'o,175084580,4310,71117625,40.6,4310,7/1/2019,7/1/2019,POC,Black,0
The Boss Baby,2017,6.3,110234,Action,PG,Tom McGrath,Alec Baldwin,175003033,4535,50198902,28.7,4535,6/1/2017,6/1/2017,Not POC,White,1
Crazy Rich Asians,2018,6.9,145320,Action,PG-13,Jon M. Chu,Constance Wu,174532921,4206,26510140,15.2,4206,7/1/2018,7/1/2018,POC,Asian,0
The Greatest Showman,2017,7.6,243841,Action,PG,Michael Gracey,Hugh Jackman,174340174,4529,8805843,5.1,4529,12/1/2017,12/1/2017,Not POC,White,1
Fast & Furious Presents: Hobbs & Shaw,2019,6.4,171589,Action,PG-13,David Leitch,Dwayne Johnson,173956935,4634,60038950,34.5,4634,7/1/2019,7/1/2019,POC,Black,1
Pirates of the Caribbean: Dead Men Tell No Tales,2017,6.5,268203,Action,PG-13,Joachim Rønning,Johnny Depp,172558876,4051,62983253,36.5,4051,11/1/2017,11/1/2017,Not POC,White,1
Mary Poppins Returns,2018,6.7,78349,Action,PG,Rob Marshall,Emily Blunt,171958438,4206,23523121,13.7,4206,11/1/2018,11/1/2018,Not POC,White,0
John Wick: Chapter 3 - Parabellum,2019,7.4,282861,Action,R,Chad Stahelski,Keanu Reeves,171015687,4634,56818067,33.2,4634,10/1/2019,10/1/2019,Not POC,White,1
Kong: Skull Island,2017,6.6,279423,Action,PG-13,Jordan Vogt-Roberts,Tom Hiddleston,168052812,4051,61025472,36.3,4051,3/1/2017,3/1/2017,Not POC,White,1
Hotel Transylvania 3: Summer Vacation,2018,6.3,58998,Action,PG,Genndy Tartakovsky,Adam Sandler,167510016,4000,44076225,26.3,4000,11/1/2018,11/1/2018,Not POC,White,1
Knives Out,2019,7.9,476136,Action,PG-13,Rian Johnson,Daniel Craig,165363234,4476,26769548,16.2,4476,5/1/2019,5/1/2019,Not POC,White,1
How to Train Your Dragon: The Hidden World,2019,7.5,107262,Action,PG,Dean DeBlois,Jay Baruchel,160799505,4476,55022245,34.2,4476,10/1/2019,10/1/2019,Not POC,White,1
Fantastic Beasts: The Crimes of Grindelwald,2018,6.6,227886,Action,PG-13,David Yates,Eddie Redmayne,159555901,4000,62163104,39,4000,4/1/2018,4/1/2018,Not POC,White,1
Halloween,2018,6.5,122681,Action,R,David Gordon Green,Jamie Lee Curtis,159342015,3904,76221545,47.8,3904,10/1/2018,10/1/2018,Not POC,White,0
1917,2019,8.3,447503,Action,R,Sam Mendes,Dean-Charles Chapman,159227644,4374,576216,0.4,4374,10/1/2019,10/1/2019,Not POC,White,1
The Secret Life of Pets 2,2019,6.5,51429,Action,PG,Chris Renaud,Jonathan del Val,158874395,4374,46652680,29.4,4374,,,Not POC,White,1
Cars 3,2017,6.7,78635,Action,G,Brian Fee,Owen Wilson,152901115,4071,53688680,35.1,4071,3/1/2017,3/1/2017,Not POC,White,1
Sonic the Hedgehog,2020,6.5,94578,Action,PG,Jeff Fowler,Ben Schwartz,148974665,3775,58018348,38.9,3775,,,Not POC,White,1
War for the Planet of the Apes,2017,7.4,230391,Action,PG-13,Matt Reeves,Andy Serkis,146880162,4071,56262929,38.3,4071,7/1/2017,7/1/2017,Not POC,White,1
The Meg,2018,5.6,153167,Action,PG-13,Jon Turteltaub,Jason Statham,145443742,3686,45402195,31.2,3686,4/1/2018,4/1/2018,Not POC,White,1
Pokémon Detective Pikachu,2019,6.6,141018,Action,PG,Rob Letterman,Ryan Reynolds,144105346,4227,54365242,37.7,4227,12/1/2019,12/1/2019,Not POC,White,1
Once Upon a Time... In Hollywood,2019,7.6,569073,Action,R,Quentin Tarantino,Leonardo DiCaprio,142502728,4227,41082018,28.8,4227,,,Not POC,White,1
Shazam!,2019,7,266933,Action,PG-13,David F. Sandberg,Zachary Levi,140371656,4570,53505326,38.1,4570,9/1/2019,9/1/2019,Not POC,White,1
Ocean's Eight,2018,6.9,191073,Action,PG-13,Gary Ross,Sandra Bullock,140218711,4381,41607378,29.7,4381,5/1/2018,5/1/2018,Not POC,White,0
Ready Player One,2018,7.4,375482,Action,PG-13,Steven Spielberg,Tye Sheridan,137690172,4381,41764050,30.3,4381,9/1/2018,9/1/2018,Not POC,White,1
Wonder,2017,8,145232,Action,PG,Stephen Chbosky,Jacob Tremblay,132422809,4310,27547866,20.8,4310,8/1/2017,8/1/2017,Not POC,White,1
Transformers: The Last Knight,2017,5.2,137141,Action,PG-13,Michael Bay,Mark Wahlberg,130168683,3987,44680073,34.3,3987,11/1/2017,11/1/2017,Not POC,White,1
Bumblebee,2018,6.8,141860,Action,PG-13,Travis Knight,Hailee Steinfeld,127195589,4250,21654047,17,4250,10/1/2018,10/1/2018,Not POC,White,0
Mamma Mia! Here We Go Again,2018,6.6,81864,Action,PG-13,Ol Parker,Lily James,120634935,4250,34952180,29,4250,1/1/2018,1/1/2018,Not POC,White,0
Ford v Ferrari,2019,8.1,304258,Action,PG-13,James Mangold,Matt Damon,117624357,4570,31474958,26.8,4570,12/1/2019,12/1/2019,Not POC,White,1
The Nun,2018,5.3,120664,Action,R,Corin Hardy,Demián Bichir,117450119,4017,53807379,45.8,4017,11/1/2018,11/1/2018,POC,Hispanic,1
Creed II,2018,7.1,107680,Action,PG-13,Steven Caple Jr.,Michael B. Jordan,115715889,4017,35574710,30.7,4017,4/1/2018,4/1/2018,POC,Black,1
Peter Rabbit,2018,6.6,36069,Action,PG,Will Gluck,James Corden,115253424,3813,25010928,21.7,3813,12/1/2018,12/1/2018,Not POC,White,1
Girls Trip,2017,6.2,34758,Action,R,Malcolm D. Lee,Regina Hall,115171585,3987,31201920,27.1,3987,4/1/2017,4/1/2017,POC,Black,0
Dumbo,2019,6.3,67352,Action,PG,Tim Burton,Colin Farrell,114766307,3743,45990748,40.1,3743,3/1/2019,3/1/2019,Not POC,White,1
Fifty Shades Darker,2017,4.6,93071,Action,R,James Foley,Dakota Johnson,114581250,4014,46607250,40.7,4014,7/1/2017,7/1/2017,Not POC,White,0
Maleficent: Mistress of Evil,2019,6.6,87538,Action,PG,Joachim Rønning,Angelina Jolie,113929605,3741,36948713,32.4,3741,6/1/2019,6/1/2019,Not POC,White,0
Glass,2019,6.7,211879,Action,PG-13,M. Night Shyamalan,James McAvoy,111048468,4344,40328920,36.3,4344,8/1/2019,8/1/2019,Not POC,White,1
Godzilla: King of the Monsters,2019,6,146119,Action,PG-13,Michael Dougherty,Kyle Chandler,110500138,4253,47776293,43.2,4253,11/1/2019,11/1/2019,Not POC,White,1
The Upside,2017,7,47042,Action,PG-13,Neil Burger,Kevin Hart,108252517,3850,20355000,18.8,3850,5/1/2019,5/1/2019,POC,Black,1
Little Women,2019,7.8,149947,Action,PG,Greta Gerwig,Saoirse Ronan,108101214,3850,16755310,15.5,3850,9/1/2019,9/1/2019,Not POC,White,0
Little Women,2018,5.2,1115,Drama,PG-13,Clare Niederpruem,Sarah Davenport,108101214,3850,16755310,15.5,3850,9/1/2019,9/1/2019,Not POC,White,0
Baby Driver,2017,7.6,447048,Action,R,Edgar Wright,Ansel Elgort,107825862,3720,20553320,19.1,3720,11/1/2017,11/1/2017,Not POC,White,1
The Lego Movie 2: The Second Part,2019,6.6,56237,Action,PG,Mike Mitchell,Chris Pratt,105806508,3461,34115335,32.2,3461,11/1/2019,11/1/2019,Not POC,White,1
Hustlers,2019,6.3,85845,Action,R,Lorene Scafaria,Jennifer Lopez,104963598,3461,33181361,31.6,3461,,,POC,Hispanic,0
Pitch Perfect 3,2017,5.8,56945,Action,PG-13,Trish Sie,Anna Kendrick,104897530,3143,19928525,19,3143,2/1/2017,2/1/2017,Not POC,White,0
Daddy's Home 2,2017,6,63639,Action,PG-13,Sean Anders,Will Ferrell,104029443,2781,29651193,28.5,2781,2/1/2017,2/1/2017,Not POC,White,1
The Mule,2018,7,116279,Action,R,Clint Eastwood,Clint Eastwood,103804407,3813,17509431,16.9,3813,4/1/2018,4/1/2018,Not POC,White,1
Murder on the Orient Express,2017,6.5,216551,Action,PG-13,Kenneth Branagh,Kenneth Branagh,102826543,4088,28681472,27.9,4088,2/1/2017,2/1/2017,Not POC,White,1
Annabelle: Creation,2017,6.5,114171,Action,R,David F. Sandberg,Anthony LaPaglia,102092201,4088,35006404,34.3,4088,6/1/2017,6/1/2017,Not POC,White,1
The Equalizer 2,2018,6.7,136402,Action,R,Antoine Fuqua,Denzel Washington,102084362,3808,36011640,35.3,3808,4/1/2018,4/1/2018,POC,Black,1
Rampage,2018,6.1,146556,Action,PG-13,Brad Peyton,Dwayne Johnson,101028233,3508,35753093,35.4,3508,8/1/2018,8/1/2018,POC,Black,1
A Wrinkle in Time,2018,4.2,41660,Action,PG,Ava DuVernay,Storm Reid,100478608,3865,33123609,33,3865,8/1/2018,8/1/2018,POC,Black,0
Fifty Shades Freed,2018,4.5,57018,Action,R,James Foley,Dakota Johnson,100407760,3384,38560195,38.4,3384,1/1/2018,1/1/2018,Not POC,White,0
Kingsman: The Golden Circle,2017,6.7,277414,Action,R,Matthew Vaughn,Taron Egerton,100229647,3829,39023010,38.9,3829,3/1/2017,3/1/2017,Not POC,White,1
The Addams Family,2019,5.8,29525,Action,PG,Greg Tiernan,Conrad Vernon,100044905,4286,30300007,30.3,4286,2/1/2019,2/1/2019,Not POC,White,1
Christopher Robin,2018,7.3,69916,Action,PG,Marc Forster,Ewan McGregor,99215042,4090,24585139,24.8,4090,12/1/2018,12/1/2018,Not POC,White,1
Downton Abbey,2019,7.4,41049,Action,PG,Michael Engler,Stephen Campbell Moore,96854135,4259,31033665,32,4259,6/1/2019,6/1/2019,Not POC,White,1
Rocketman,2019,7.3,142967,Action,R,Dexter Fletcher,Taron Egerton,96368160,3987,25725722,26.7,3987,12/1/2019,12/1/2019,Not POC,White,1
Blade Runner 2049,2017,8,471557,Action,R,Denis Villeneuve,Harrison Ford,92054159,3773,32753122,35.6,3773,11/1/2017,11/1/2017,Not POC,White,1
John Wick: Chapter 2,2017,7.5,372644,Action,R,Chad Stahelski,Keanu Reeves,92029184,3342,30436123,33.1,3342,12/1/2017,12/1/2017,Not POC,White,1
The Emoji Movie,2017,3.3,56882,Action,PG,Tony Leondis,T.J. Miller,86089513,3006,24531923,28.5,3006,7/1/2017,7/1/2017,Not POC,White,1
Alita: Battle Angel,2019,7.3,233020,Action,PG-13,Robert Rodriguez,Rosa Salazar,85838210,11,28525613,33.2,11,14/2/2019,,POC,Hispanic,0
Power Rangers,2017,5.9,102513,Action,PG-13,Dean Israelite,Dacre Montgomery,85364450,4276,40300288,47.2,4276,5/1/2017,5/1/2017,Not POC,White,1
Green Book,2018,8.2,393477,Action,PG-13,Peter Farrelly,Viggo Mortensen,85080171,4090,320429,0.4,4090,4/1/2018,4/1/2018,Not POC,White,1
Ferdinand,2017,6.7,49713,Action,PG,Carlos Saldanha,John Cena,84410380,4276,13401586,15.9,4276,9/1/2017,9/1/2017,Not POC,White,1
Birds of Prey,2020,6.1,177422,Action,R,Cathy Yan,Margot Robbie,84158461,4198,33010017,39.2,4198,2/1/2020,2/1/2020,Not POC,White,0
I Can Only Imagine,2018,7.4,14554,Action,PG,Andrew Erwin,Jon Erwin,83482352,4267,17108914,20.5,4267,7/1/2018,7/1/2018,Not POC,White,1
Smallfoot,2018,6.6,34791,Action,PG,Karey Kirkpatrick,Jason Reisig,83240103,4267,23045635,27.7,4267,11/1/2018,11/1/2018,Not POC,White,1
Good Boys,2019,6.7,61901,Action,R,Gene Stupnitsky,Jacob Tremblay,83140306,4564,21402605,25.7,4564,6/1/2019,6/1/2019,Not POC,White,1
The Post,2017,7.2,138432,Action,PG-13,Steven Spielberg,Meryl Streep,81903458,3846,526011,0.6,3846,3/1/2017,3/1/2017,Not POC,White,0
The Mummy,2017,5.4,174804,Action,PG-13,Alex Kurtzman,Tom Cruise,80227895,3846,31688375,39.5,3846,6/1/2017,6/1/2017,Not POC,White,1
Men in Black: International,2019,5.6,111939,Action,PG-13,F. Gary Gray,Chris Hemsworth,80001807,4561,30035838,37.5,4561,9/1/2019,9/1/2019,Not POC,White,1
Night School,2018,5.6,36672,Action,PG-13,Malcolm D. Lee,Kevin Hart,77339130,4163,27257615,35.2,4163,11/1/2018,11/1/2018,POC,Black,1
Dolittle,2020,5.6,50370,Action,PG,Stephen Gaghan,Robert Downey Jr.,77047065,4167,21844045,28.4,4167,,,Not POC,White,1
The Hitman's Bodyguard,2017,6.9,189622,Action,R,Patrick Hughes,Ryan Reynolds,75468583,4256,21384504,28.3,4256,6/1/2017,6/1/2017,Not POC,White,1
Alien: Covenant,2017,6.4,256827,Action,R,Ridley Scott,Michael Fassbender,74262031,4256,36160621,48.7,4256,11/1/2017,11/1/2017,Not POC,White,1
Annabelle Comes Home,2019,5.9,59564,Action,R,Gary Dauberman,Vera Farmiga,74152591,4248,20269723,27.3,4248,5/1/2019,5/1/2019,Not POC,White,0
Captain Underpants: The First Epic Movie,2017,6.2,25251,Action,PG,David Soren,Kevin Hart,73921000,4100,23851539,32.3,4100,7/1/2017,7/1/2017,POC,Black,1
Yesterday,2019,6.8,118668,Action,PG-13,Danny Boyle,Himesh Patel,73286650,4202,17010050,23.2,4202,8/1/2019,8/1/2019,POC,White,1
Zombieland: Double Tap,2019,6.7,143884,Comedy,R,Ruben Fleischer,Woody Harrelson,73123082,3659,26803104,36.7,3659,2/1/2019,2/1/2019,Not POC,White,1
A Bad Moms Christmas,2017,5.6,45576,Action,R,Jon Lucas,Scott Moore,72110659,4022,16759161,23.2,4022,11/1/2017,11/1/2017,Not POC,White,1
The Invisible Man,2020,7.1,175083,Action,R,Leigh Whannell,Elisabeth Moss,70410000,4236,28205665,40.1,4236,2/1/2020,2/1/2020,Not POC,White,0
The First Purge,2018,5.2,55964,Action,R,Gerard McMurray,Y'lan Noel,69488745,4163,17374280,25,4163,2/1/2018,2/1/2018,POC,Black,1
Game Night,2018,6.9,210386,Action,R,John Francis Daley,Jonathan Goldstein,69179066,3990,17005332,24.6,3990,10/1/2018,10/1/2018,Not POC,White,1
Angel Has Fallen,2019,6.4,81136,Action,R,Ric Roman Waugh,Gerard Butler,69030436,4306,21380987,31,4306,4/1/2019,4/1/2019,Not POC,White,1
Scary Stories to Tell in the Dark,2019,6.2,62771,Action,PG-13,André Øvredal,Zoe Margaret Colletti,68947075,4217,20915346,30.3,4217,7/1/2019,7/1/2019,Not POC,White,0
Book Club,2018,6.1,25755,Action,PG-13,Bill Holderman,Diane Keaton,68566296,3928,13582231,19.8,3928,1/1/2018,1/1/2018,Not POC,White,0
The House with a Clock in Its Walls,2018,6.1,46532,Action,PG,Eli Roth,Jack Black,68549695,4118,26608020,38.8,4118,8/1/2018,8/1/2018,Not POC,White,1
Skyscraper,2018,5.8,108892,Action,PG-13,Rawson Marshall Thurber,Dwayne Johnson,68420120,4118,24905015,36.4,4118,11/1/2018,11/1/2018,POC,Black,1
Insidious: The Last Key,2018,5.7,53365,Action,PG-13,Adam Robitel,Lin Shaye,67745330,4145,29581355,43.7,4145,6/1/2018,6/1/2018,Not POC,White,0
Instant Family,2018,7.3,91935,Action,PG-13,Sean Anders,Mark Wahlberg,67363237,4145,14504315,21.5,4145,9/1/2018,9/1/2018,Not POC,White,1
X-Men: Dark Phoenix,2019,5.7,160055,Action,PG-13,Simon Kinberg,James McAvoy,65845974,3528,32828348,49.9,3528,,,Not POC,White,1
A Dog's Purpose,2017,7.2,66339,Action,PG,Lasse Hallström,Josh Gad,64508620,3373,18222810,28.2,3373,1/1/2017,1/1/2017,Not POC,White,1
The Shape of Water,2017,7.3,377392,Action,R,Guillermo del Toro,Sally Hawkins,63859435,3038,166564,0.3,3038,5/1/2017,5/1/2017,Not POC,White,0
The Call of the Wild,2020,6.8,40231,Action,PG,Chris Sanders,Harrison Ford,62342368,4236,24791624,39.8,4236,,,Not POC,White,1
Terminator: Dark Fate,2019,6.2,153476,Action,R,Tim Miller,Linda Hamilton,62253077,4259,29033832,46.6,4259,3/1/2019,3/1/2019,Not POC,White,0
A Beautiful Day in the Neighborhood,2019,7.3,64068,Action,PG,Marielle Heller,Tom Hanks,61704055,4259,13251238,21.5,4259,8/1/2019,8/1/2019,Not POC,White,1
Onward,2020,7.4,108158,Action,PG,Dan Scanlon,Tom Holland,61555145,4155,39119861,63.6,4155,1/1/2020,1/1/2020,Not POC,White,1
Abominable,2019,7,30295,Action,PG,Jill Culton,Chloe Bennet,60716390,3820,20612100,33.9,3820,10/1/2019,10/1/2019,POC,Asian,0
Dora and the Lost City of Gold,2019,6.1,24984,Action,PG,James Bobin,Isabela Merced,60477943,3790,17431588,28.8,3790,2/1/2019,2/1/2019,POC,Hispanic,0
Blockers,2018,6.2,72342,Action,R,Kay Cannon,Leslie Mann,60311495,4234,20556350,34.1,4234,3/1/2018,3/1/2018,Not POC,White,0
Pacific Rim: Uprising,2018,5.6,107572,Action,PG-13,Steven S. DeKnight,John Boyega,59874525,4234,28116535,47,4234,7/1/2018,7/1/2018,Not POC,White,1
The Lego Ninjago Movie,2017,6,22834,Action,PG,Charlie Bean,Paul Fisher,59281555,3519,20433071,34.5,3519,11/1/2017,11/1/2017,Not POC,White,1
Tomb Raider,2018,6.3,192907,Action,PG-13,Roar Uthaug,Alicia Vikander,58250803,3597,23633317,40.6,3597,12/1/2018,12/1/2018,Not POC,White,0
Baywatch,2017,5.5,164409,Action,R,Seth Gordon,Dwayne Johnson,58060186,3096,18503871,31.9,3096,3/1/2017,3/1/2017,POC,Black,1
Maze Runner: The Death Cure,2018,6.3,116044,Action,PG-13,Wes Ball,Dylan O'Brien,58032443,3550,24167011,41.6,3550,3/1/2018,3/1/2018,Not POC,White,1
The Shack,2017,6.3,30989,Action,PG-13,Stuart Hazeldine,Sam Worthington,57386418,4132,16172119,28.2,4132,6/1/2017,6/1/2017,Not POC,White,1
Escape Room,2019,6.4,90455,Action,PG-13,Adam Robitel,Taylor Russell,57005601,3844,18238172,32,3844,1/1/2019,1/1/2019,POC,Black,0
Darkest Hour,2017,7.4,174896,Action,PG-13,Joe Wright,Gary Oldman,56468410,4069,175006,0.3,4069,8/1/2017,8/1/2017,Not POC,White,1
Happy Death Day,2017,6.6,119022,Comedy,PG-13,Christopher Landon,Jessica Rothe,55683845,2648,26039025,46.8,2648,7/1/2017,7/1/2017,Not POC,White,0
The Nutcracker and the Four Realms,2018,5.6,29855,Adventure,PG,Lasse Hallström,Joe Johnston,54858851,3514,20352491,37.1,3514,7/1/2018,7/1/2018,Not POC,White,1
Tag,2018,6.5,117587,Adventure,R,Jeff Tomsic,Jeremy Renner,54730625,3317,14947396,27.3,3317,10/1/2018,10/1/2018,Not POC,White,1
Pet Sematary,2019,5.7,83452,Action,R,Kevin Kölsch,Dennis Widmyer,54724696,4108,24502775,44.8,4108,8/1/2019,8/1/2019,Not POC,White,1
What Men Want,2019,5.3,24485,Action,R,Adam Shankman,Taraji P. Henson,54611903,3568,18232087,33.4,3568,1/1/2019,1/1/2019,POC,Black,0
"Three Billboards Outside Ebbing, Missouri",2017,8.1,442480,Comedy,R,Martin McDonagh,Frances McDormand,54513740,2591,322168,0.6,2591,10/1/2017,10/1/2017,Not POC,White,0
A Simple Favor,2018,6.8,131701,Adventure,R,Paul Feig,Anna Kendrick,53548586,3876,16011689,29.9,3876,9/1/2018,9/1/2018,Not POC,White,0
Parasite,2019,8.6,584536,Action,R,Bong Joon Ho,Kang-ho Song,53369749,3080,393216,0.7,3080,5/1/2019,5/1/2019,Not POC,White,1
Life of the Party,2018,5.6,34235,Adventure,PG-13,Ben Falcone,Melissa McCarthy,53059911,3876,17886075,33.7,3876,11/1/2018,11/1/2018,Not POC,White,0
Atomic Blonde,2017,6.7,177980,Comedy,R,David Leitch,Charlize Theron,51687870,3714,18286420,35.4,3714,2/1/2017,2/1/2017,Not POC,White,0
American Made,2017,7.2,160692,Comedy,R,Doug Liman,Tom Cruise,51342000,3710,16776390,32.7,3710,4/1/2017,4/1/2017,Not POC,White,1
The Predator,2018,5.3,117551,Adventure,R,Shane Black,Boyd Holbrook,51024708,3752,24632284,48.3,3752,11/1/2018,11/1/2018,Not POC,White,1
The Dark Tower,2017,5.6,129493,Comedy,PG-13,Nikolaj Arcel,Idris Elba,50701325,3226,19153698,37.8,3226,6/1/2017,6/1/2017,POC,Black,1
Overboard,2018,6,34898,Adventure,PG-13,Rob Greenberg,Eugenio Derbez,50316123,3441,14711101,29.2,3441,3/1/2018,3/1/2018,POC,Hispanic,1
Ad Astra,2019,6.5,202918,Comedy,PG-13,James Gray,Brad Pitt,50188370,3308,19001398,37.9,3308,12/1/2019,12/1/2019,Not POC,White,1
Sicario: Day of the Soldado,2018,7.1,127755,Adventure,R,Stefano Sollima,Benicio Del Toro,50072235,3725,19007566,38,3725,2/1/2018,2/1/2018,POC,Hispanic,1
BlacKkKlansman,2018,7.5,228481,Adventure,R,Spike Lee,John David Washington,49275340,3725,10845330,22,3725,6/1/2018,6/1/2018,Not POC,White,1
Lady Bird,2017,7.4,246931,Comedy,R,Greta Gerwig,Saoirse Ronan,48958273,3226,364437,0.7,3226,10/1/2017,10/1/2017,Not POC,White,0
I Feel Pretty,2018,5.5,49971,Adventure,PG-13,Abby Kohn,Marc Silverstein,48795601,3329,16030218,32.9,3329,12/1/2018,12/1/2018,Not POC,White,1
Isn't It Romantic,2019,5.9,63992,Comedy,PG-13,Todd Strauss-Schulson,Rebel Wilson,48791187,4303,14247758,29.2,4303,2/1/2019,2/1/2019,Not POC,White,0
Gemini Man,2019,5.7,91046,Comedy,PG-13,Ang Lee,Will Smith,48546770,4303,20552372,42.3,4303,5/1/2019,5/1/2019,POC,Black,1
Vice,2018,7.2,125987,Adventure,R,Adam McKay,Christian Bale,47836282,2588,7768371,16.2,2588,3/1/2018,3/1/2018,Not POC,White,1
Boo 2! A Madea Halloween,2017,3.9,4200,Comedy,PG-13,Tyler Perry,Tyler Perry,47319572,3468,21226953,44.9,3468,12/1/2017,12/1/2017,POC,Black,1
Red Sparrow,2018,6.6,169121,Adventure,R,Francis Lawrence,Jennifer Lawrence,46874505,3388,16853422,36,3388,7/1/2018,7/1/2018,Not POC,White,0
Breaking In,2018,5.5,14508,Adventure,PG-13,James McTeigue,Gabrielle Union,46840590,3388,17630285,37.6,3388,9/1/2018,9/1/2018,POC,Black,0
Goosebumps 2: Haunted Halloween,2018,5.6,18267,Adventure,PG,Ari Sandel,Wendi McLendon-Covey,46700633,4115,15802225,33.8,4115,4/1/2018,4/1/2018,Not POC,White,0
Ma,2019,5.6,42033,Comedy,R,Tate Taylor,Octavia Spencer,45896028,3525,18099805,39.4,3525,9/1/2019,9/1/2019,POC,Black,0
Snatched,2017,4.5,33427,Comedy,R,Jonathan Levine,Amy Schumer,45852178,3447,19542248,42.6,3447,3/1/2017,3/1/2017,Not POC,White,0
12 Strong,2018,6.6,69233,Adventure,R,Nicolai Fuglsig,Chris Hemsworth,45819713,4101,15815025,34.5,4101,7/1/2018,7/1/2018,Not POC,White,1
Five Feet Apart,2019,7.2,46448,Comedy,PG-13,Justin Baldoni,Haley Lu Richardson,45729221,3250,13190286,28.8,3250,1/1/2019,1/1/2019,Not POC,White,0
Wonder Park,2019,5.9,10359,Comedy,PG,Dylan Brown,Sofia Mali,45216793,4107,15853646,35.1,4107,10/1/2019,10/1/2019,Not POC,White,0
Smurfs: The Lost Village,2017,6,18838,Comedy,PG,Kelly Asbury,Demi Lovato,45020282,3575,13210449,29.3,3575,2/1/2017,2/1/2017,POC,Hispanic,0
Going in Style,2017,6.6,77731,Comedy,PG-13,Zach Braff,Michael Caine,45018541,3354,11932330,26.5,3354,11/1/2017,11/1/2017,Not POC,White,1
Den of Thieves,2018,7,95566,Adventure,R,Christian Gudegast,Gerard Butler,44947622,3980,15206108,33.8,3980,3/1/2018,3/1/2018,Not POC,White,1
First Man,2018,7.3,171697,Adventure,PG-13,Damien Chazelle,Ryan Gosling,44936545,3980,16006065,35.6,3980,7/1/2018,7/1/2018,Not POC,White,1
All Eyez on Me,2017,5.9,21423,Comedy,R,Benny Boom,Demetrius Shipp Jr.,44922302,3341,26435354,58.8,3341,3/1/2017,3/1/2017,POC,Black,1
xXx: Return of Xander Cage,2017,5.2,86273,Comedy,PG-13,D.J. Caruso,Vin Diesel,44898413,3565,20130142,44.8,3565,8/1/2017,8/1/2017,Not POC,White,1
Rambo: Last Blood,2019,6.1,84130,Comedy,R,Adrian Grunberg,Sylvester Stallone,44819352,4007,18872919,42.1,4007,,,Not POC,White,1
47 Meters Down,2017,5.7,49626,Comedy,PG-13,Johannes Roberts,Mandy Moore,44307191,3502,11205561,25.3,3502,11/1/2017,11/1/2017,Not POC,White,0
Hereditary,2018,7.3,247205,Adventure,R,Ari Aster,Toni Collette,44069456,3768,13575172,30.8,3768,2/1/2018,2/1/2018,Not POC,White,0
Acrimony,2018,5.8,8014,Adventure,R,Tyler Perry,Taraji P. Henson,43549096,3768,17170707,39.4,3768,4/1/2018,4/1/2018,POC,Black,0
Sherlock Gnomes,2018,5.2,10666,Adventure,PG,John Stevenson,Johnny Depp,43242871,3602,10604774,24.5,3602,8/1/2018,8/1/2018,Not POC,White,1
The Big Sick,2017,7.5,122770,Comedy,R,Michael Showalter,Kumail Nanjiani,42873127,4038,421577,1,4038,9/1/2017,9/1/2017,POC,Indian,1
Uncle Drew,2018,5.8,12354,Adventure,PG-13,Charles Stone III,Kyrie Irving,42469946,3602,15242781,35.9,3602,11/1/2018,11/1/2018,Not POC,White,1
Widows,2018,6.9,88802,Adventure,R,Steve McQueen,Viola Davis,42402632,2648,12361307,29.2,2648,11/1/2018,11/1/2018,POC,Black,0
A Dog's Way Home,2019,6.7,15384,Comedy,PG,Charles Martin Smith,Ashley Judd,42004346,3610,11251263,26.8,3610,9/1/2019,9/1/2019,Not POC,White,0
The Angry Birds Movie 2,2019,6.4,22114,Comedy,PG,Thurop Van Orman,John Rice,41667116,3802,10354073,24.8,3802,2/1/2019,2/1/2019,Not POC,White,1
Truth or Dare,2018,5.2,48966,Adventure,PG-13,Jeff Wadlow,Lucy Hale,41411015,25,18667855,45.1,25,5/1/2018,5/1/2018,Not POC,White,0
Valerian and the City of a Thousand Planets,2017,6.5,164411,Comedy,PG-13,Luc Besson,Dane DeHaan,41189488,4003,17007624,41.3,4003,1/1/2017,1/1/2017,Not POC,White,1
Paddington 2,2017,7.8,62970,Comedy,PG,Paul King,Ben Whishaw,40891591,2894,11001961,26.9,2894,3/1/2018,3/1/2018,Not POC,White,1
Little,2019,5.5,11479,Comedy,PG-13,Tina Gordon,Regina Hall,40860481,3790,15405455,37.7,3790,5/1/2019,5/1/2019,POC,Black,0
The Star,2017,6.3,7016,Comedy,PG,Timothy Reckart,Steven Yeun,40852824,4058,9812674,24,4058,10/1/2017,10/1/2017,POC,Asian,1
"Love, Simon",2018,7.6,100168,Adventure,PG-13,Greg Berlanti,Nick Robinson,40826341,1629,11756244,28.8,1629,7/1/2018,7/1/2018,Not POC,White,1
Breakthrough,2019,6.3,8521,Comedy,PG,Roxann Dawson,Marcel Ruiz,40713082,3458,11282333,27.7,3458,8/1/2019,8/1/2019,Not POC,White,1
Ghost in the Shell,2017,6.3,198248,Comedy,PG-13,Rupert Sanders,Scarlett Johansson,40563557,4058,18676033,46,4058,2/1/2017,2/1/2017,Not POC,White,0
Second Act,2018,5.8,23174,Adventure,PG-13,Peter Segal,Jennifer Lopez,39282227,4131,6489983,16.5,4131,9/1/2018,9/1/2018,POC,Hispanic,0
King Arthur: Legend of the Sword,2017,6.7,194328,Comedy,PG-13,Guy Ritchie,Charlie Hunnam,39175066,3113,15371270,39.2,3113,2/1/2017,2/1/2017,Not POC,White,1
Crawl,2019,6.1,70294,Comedy,R,Alexandre Aja,Kaya Scodelario,39014193,3204,12005210,30.8,3204,11/1/2019,11/1/2019,Not POC,White,0
Jigsaw,2017,5.8,69603,Comedy,R,Michael Spierig,Peter Spierig,38052832,3113,16640452,43.7,3113,4/1/2017,4/1/2017,Not POC,White,1
The Commuter,2018,6.3,104988,Adventure,PG-13,Jaume Collet-Serra,Liam Neeson,36343858,4131,13701452,37.7,4131,1/1/2018,1/1/2018,Not POC,White,1
The 15:17 to Paris,2018,5.3,29741,Adventure,PG-13,Clint Eastwood,Alek Skarlatos,36276286,3019,12554286,34.6,3019,9/1/2018,9/1/2018,Not POC,White,1
American Assassin,2017,6.2,71822,Comedy,R,Michael Cuesta,Dylan O'Brien,36249674,4075,14846778,41,4075,7/1/2017,7/1/2017,Not POC,White,1
Mile 22,2018,6.1,69338,Adventure,R,Peter Berg,Mark Wahlberg,36108758,3010,13710825,38,3010,1/1/2018,1/1/2018,Not POC,White,1
Alpha,2018,6.7,55988,Adventure,PG-13,Albert Hughes,Kodi Smit-McPhee,35857181,3038,10352512,28.9,3038,7/1/2018,7/1/2018,Not POC,White,1
The Intruder,2019,5.6,13813,Comedy,PG-13,Deon Taylor,Michael Ealy,35419122,4224,10855054,30.6,4224,10/1/2019,10/1/2019,Not POC,White,1
Peppermint,2018,6.5,58027,Adventure,R,Pierre Morel,Jennifer Garner,35418723,3031,13423255,37.9,3031,9/1/2018,9/1/2018,Not POC,White,0
The Hustle,2019,5.4,49010,Comedy,PG-13,Chris Addison,Anne Hathaway,35417038,3613,13007709,36.7,3613,6/1/2019,6/1/2019,Not POC,White,0
Overcomer,2019,6.7,3846,Comedy,PG,Alex Kendrick,Alex Kendrick,34746945,2755,8146533,23.4,2755,6/1/2019,6/1/2019,Not POC,White,1
The Foreigner,2017,7,103967,Comedy,R,Martin Campbell,Katie Leung,34393507,4075,13113024,38.1,4075,11/1/2017,11/1/2017,Not POC,White,0
The Favourite,2018,7.5,176105,Adventure,R,Yorgos Lanthimos,Olivia Colman,34366783,3502,422410,1.2,3502,2/1/2018,2/1/2018,Not POC,White,0
"Everything, Everything",2017,6.4,33757,Comedy,PG-13,Stella Meghie,Amandla Stenberg,34121140,3693,11727390,34.4,3693,3/1/2017,3/1/2017,POC,Black,0
Death Wish,2018,6.4,64765,Adventure,R,Eli Roth,Bruce Willis,34017028,3488,13010267,38.2,3488,6/1/2018,6/1/2018,Not POC,White,1
Wind River,2017,7.7,210907,Comedy,R,Taylor Sheridan,Elizabeth Olsen,33800859,3693,161558,0.5,3693,6/1/2017,6/1/2017,Not POC,White,0
Geostorm,2017,5.3,96516,Comedy,PG-13,Dean Devlin,Gerard Butler,33700160,3630,13707376,40.7,3630,12/1/2017,12/1/2017,Not POC,White,1
The Spy Who Dumped Me,2018,6,69964,Adventure,R,Susanna Fogel,Justin Theroux,33562069,3169,12103043,36.1,3169,5/1/2018,5/1/2018,Not POC,White,1
Annihilation,2018,6.8,284661,Adventure,R,Alex Garland,Natalie Portman,32732301,2781,11071584,33.8,2781,8/1/2018,8/1/2018,Not POC,White,0
Fist Fight,2017,5.6,39942,Comedy,R,Richie Keen,Ice Cube,32187017,2851,12201873,37.9,2851,12/1/2017,12/1/2017,POC,Black,1
How to Be a Latin Lover,2017,6,14508,Comedy,PG-13,Ken Marino,Eugenio Derbez,32149404,9,12252439,38.1,9,5/1/2017,5/1/2017,POC,Hispanic,1
Cold Pursuit,2019,6.2,58892,Comedy,R,Hans Petter Moland,Liam Neeson,32138862,2442,11030233,34.3,2442,3/1/2019,3/1/2019,Not POC,White,1
Isle of Dogs,2018,7.9,142352,Adventure,PG-13,Wes Anderson,Bryan Cranston,32015231,3592,1620294,5.1,3592,9/1/2018,9/1/2018,Not POC,White,1
Nobody's Fool,2018,4.9,6762,Adventure,R,Tyler Perry,Tiffany Haddish,31713110,3592,13743111,43.3,3592,1/1/2018,1/1/2018,POC,Black,0
Adrift,2018,6.6,48672,Adventure,PG-13,Baltasar Kormákur,Shailene Woodley,31445012,3822,11603039,36.9,3822,7/1/2018,7/1/2018,Not POC,White,0
Kidnap,2017,5.9,34350,Comedy,R,Luis Prieto,Halle Berry,30971040,4035,10016323,32.3,4035,6/1/2017,6/1/2017,POC,Black,0
Robin Hood,2018,5.3,65892,Adventure,PG-13,Otto Bathurst,Taron Egerton,30824628,3782,9195670,29.8,3782,9/1/2018,9/1/2018,Not POC,White,1
Dragon Ball Super: Broly,2018,7.9,23125,Adventure,PG,Tatsuya Nagamine,Masako Nozawa,30712119,3468,9816197,32,3468,1/1/2019,1/1/2019,POC,Asian,0
Super Troopers 2,2018,6.1,24161,Adventure,R,Jay Chandrasekhar,Jay Chandrasekhar,30617396,3150,15181624,49.6,3150,1/1/2018,1/1/2018,POC,Indian,1
Holmes & Watson,2018,3.9,32217,Adventure,PG-13,Etan Cohen,Will Ferrell,30573626,3116,7411522,24.2,3116,3/1/2018,3/1/2018,Not POC,White,1
Slender Man,2018,3.2,29351,Adventure,PG-13,Sylvain White,Joey King,30569484,3426,11371866,37.2,3426,11/1/2018,11/1/2018,Not POC,White,0
The Mountain Between Us,2017,6.4,68525,Comedy,PG-13,Hany Abu-Assad,Kate Winslet,30348555,3377,10551336,34.8,3377,8/1/2017,8/1/2017,Not POC,White,0
Long Shot,2019,6.8,97279,Comedy,R,Jonathan Levine,Charlize Theron,30316271,3336,9740064,32.1,3336,8/1/2019,8/1/2019,Not POC,White,0
Life,2017,6.6,209449,Comedy,R,Daniel Espinosa,Jake Gyllenhaal,30234022,3377,12501936,41.4,3377,11/1/2017,11/1/2017,Not POC,White,1
"I, Tonya",2017,7.5,185854,Comedy,R,Craig Gillespie,Margot Robbie,30014539,3772,264155,0.9,3772,5/1/2017,5/1/2017,Not POC,White,0
Hostiles,2017,7.2,73612,Comedy,R,Scott Cooper,Scott Shepherd,29819114,3761,22849,0.1,3761,8/1/2017,8/1/2017,Not POC,White,1
Teen Titans GO! To the Movies,2018,6.8,16844,Adventure,PG,Aaron Horvath,Peter Rida Michail,29790236,3286,10411189,34.9,3286,1/1/2018,1/1/2018,POC,Black,1
The Hate U Give,2018,7.5,31612,Adventure,PG-13,George Tillman Jr.,Amandla Stenberg,29719483,3418,512035,1.7,3418,4/1/2018,4/1/2018,POC,Black,0
Child's Play,2019,5.8,45165,Comedy,R,Lars Klevberg,Tim Matheson,29208403,3286,14094594,48.3,3286,10/1/2019,10/1/2019,Not POC,White,1
Molly's Game,2017,7.4,147534,Comedy,R,Aaron Sorkin,Jessica Chastain,28780744,3529,2349967,8.2,3529,6/1/2017,6/1/2017,Not POC,White,0
Ready or Not,2019,6.8,113827,Comedy,R,Matt Bettinelli-Olpin,Tyler Gillett,28714231,3135,8015590,27.9,3135,8/1/2019,8/1/2019,Not POC,White,1
The Nut Job 2: Nutty by Nature,2017,5.5,5972,Comedy,PG,Cal Brunker,Will Arnett,28370522,3434,8342311,29.4,3434,11/1/2017,11/1/2017,Not POC,White,1
Happy Death Day 2U,2019,6.2,60453,Comedy,PG-13,Christopher Landon,Jessica Rothe,28148130,3502,9497665,33.7,3502,12/1/2019,12/1/2019,Not POC,White,0
Rings,2017,4.5,38071,Comedy,PG-13,F. Javier Gutiérrez,Matilda Anna Ingrid Lutz,27793018,3615,13002632,46.8,3615,11/1/2017,11/1/2017,Not POC,White,0
Logan Lucky,2017,7,133498,Comedy,PG-13,Steven Soderbergh,Channing Tatum,27780977,3615,7600036,27.4,3615,1/1/2017,1/1/2017,Not POC,White,1
Midsommar,2019,7.1,210262,Comedy,R,Ari Aster,Florence Pugh,27426361,3502,6560030,23.9,3502,,,Not POC,White,0
Home Again,2017,5.8,28933,Comedy,PG-13,Hallie Meyers-Shyer,Reese Witherspoon,27020284,3178,8567881,31.7,3178,1/1/2017,1/1/2017,Not POC,White,0
The Art of Racing in the Rain,2019,7.6,25725,Comedy,PG,Simon Curtis,Kevin Costner,26395642,3721,8137584,30.8,3721,8/1/2019,8/1/2019,Not POC,White,1
Searching,2018,7.6,143310,Adventure,PG-13,Aneesh Chaganty,John Cho,26020957,3379,388769,1.5,3379,8/1/2018,8/1/2018,POC,Asian,1
The House,2017,5.6,41339,Comedy,R,Andrew Jay Cohen,Will Ferrell,25584504,2341,8724795,34.1,2341,12/1/2017,12/1/2017,Not POC,White,1
All the Money in the World,2017,6.8,76722,Comedy,R,Ridley Scott,Michelle Williams,25113707,2,5584684,22.2,2,5/1/2017,5/1/2017,POC,Black,0
Winchester,2018,5.5,31004,Adventure,PG-13,Michael Spierig,Peter Spierig,25091816,3708,9307626,37.1,3708,3/1/2018,3/1/2018,Not POC,White,1
Gifted,2017,7.6,101651,Comedy,PG-13,Marc Webb,Chris Evans,24801212,4047,446380,1.8,4047,9/1/2017,9/1/2017,Not POC,White,1
On the Basis of Sex,2018,7.1,29298,Adventure,PG-13,Mimi Leder,Felicity Jones,24622687,3708,686355,2.8,3708,7/1/2018,7/1/2018,Not POC,White,0
The Strangers: Prey at Night,2018,5.2,27461,Adventure,R,Johannes Roberts,Christina Hendricks,24586708,3854,10402271,42.3,3854,3/1/2018,3/1/2018,Not POC,White,0
Downsizing,2017,5.7,100201,Comedy,R,Alexander Payne,Matt Damon,24449754,4047,4954287,20.3,4047,11/1/2017,11/1/2017,Not POC,White,1
White Boy Rick,2018,6.5,30816,Adventure,R,Yann Demange,Matthew McConaughey,24011188,3854,8860431,36.9,3854,5/1/2018,5/1/2018,Not POC,White,1
Fighting with My Family,2019,7.1,67961,Comedy,PG-13,Stephen Merchant,Dwayne Johnson,22958886,3491,138780,0.6,3491,11/1/2019,11/1/2019,POC,Black,1
Won't You Be My Neighbor?,2018,8.4,23503,Adventure,PG-13,Morgan Neville,Fred Rogers,22835787,3793,475419,2.1,3793,1/1/2018,1/1/2018,Not POC,White,1
A Dog's Journey,2019,7.5,19936,Comedy,PG,Gail Mancuso,Josh Gad,22782371,3235,8030085,35.2,3235,3/1/2019,3/1/2019,Not POC,White,1
Booksmart,2019,7.2,96409,Comedy,R,Olivia Wilde,Kaitlyn Dever,22680962,4248,6933620,30.6,4248,9/1/2019,9/1/2019,Not POC,White,0
The Bye Bye Man,2017,4.2,22121,Comedy,PG-13,Stacy Title,Douglas Smith,22395806,3647,13501349,60.3,3647,5/1/2017,5/1/2017,Not POC,White,1
Stuber,2019,6.2,41398,Comedy,R,Michael Dowse,Dave Bautista,22370452,4242,8225384,36.8,4242,1/1/2019,1/1/2019,Not POC,White,1
47 Meters Down: Uncaged,2019,5,21578,Comedy,PG-13,Johannes Roberts,Sophie Nélisse,22260900,3735,8427265,37.9,3735,,,Not POC,White,0
Victoria & Abdul,2017,6.8,32423,Comedy,PG-13,Stephen Frears,Judi Dench,22245070,3647,158845,0.7,3647,7/1/2017,7/1/2017,Not POC,White,0
Rough Night,2017,5.2,47773,Comedy,R,Lucia Aniello,Scarlett Johansson,22105643,2888,8004283,36.2,2888,3/1/2017,3/1/2017,Not POC,White,0
Hellboy,2019,5.2,79780,Comedy,R,Neil Marshall,David Harbour,21903748,2717,12045147,55,2717,4/1/2019,4/1/2019,Not POC,White,1
My Little Pony: The Movie,2017,6.1,6087,Comedy,PG,Jayson Thiessen,Emily Blunt,21885107,2888,8885899,40.6,2888,5/1/2017,5/1/2017,Not POC,White,0
Overlord,2018,6.6,87733,Action,R,Julius Avery,Jovan Adepo,21704844,3787,10202108,47,3787,5/1/2018,5/1/2018,POC,Black,1
Shaft,2019,6.4,45943,Comedy,R,Tim Story,Samuel L. Jackson,21360215,3242,8901419,41.7,3242,11/1/2019,11/1/2019,POC,Black,1
Phantom Thread,2017,7.5,114611,Comedy,R,Paul Thomas Anderson,Vicky Krieps,21198205,4,216495,1,4,4/1/2017,4/1/2017,Not POC,White,0
The Disaster Artist,2017,7.4,140211,Comedy,R,James Franco,James Franco,21120616,3535,1211345,5.7,3535,10/1/2017,10/1/2017,Not POC,White,1
Proud Mary,2018,5,9014,Action,R,Babak Najafi,Taraji P. Henson,20877013,3766,9959053,47.7,3766,11/1/2018,11/1/2018,POC,Black,0
Sleepless,2017,5.6,30144,Comedy,R,Baran bo Odar,Jamie Foxx,20783704,3149,8344128,40.1,3149,12/1/2017,12/1/2017,POC,Black,1
Diary of a Wimpy Kid: The Long Haul,2017,4.3,7400,Comedy,PG,David Bowers,Jason Drucker,20738724,1726,7126084,34.4,1726,11/1/2017,11/1/2017,Not POC,White,1
The Happytime Murders,2018,5.4,25096,Action,R,Brian Henson,Melissa McCarthy,20706452,3766,9532425,46,3766,1/1/2018,1/1/2018,Not POC,White,0
SuperFly,2018,5.2,6316,Action,R,Director X.,Trevor Jackson,20545116,3382,6870740,33.4,3382,6/1/2018,6/1/2018,POC,Black,1
The Circle,2017,5.4,85686,Drama,PG-13,James Ponsoldt,Emma Watson,20497844,4,9034148,44.1,4,5/1/2017,5/1/2017,Not POC,White,0
The Peanut Butter Falcon,2019,7.6,69225,Comedy,PG-13,Tyler Nilson,Michael Schwartz,20457151,3242,204793,1,3242,1/1/2019,1/1/2019,Not POC,White,1
Baahubali 2: The Conclusion,2017,8.2,76303,Drama,Not Rated,S.S. Rajamouli,Prabhas,20186659,3326,10430497,51.7,3326,7/1/2017,7/1/2017,POC,White,1
UglyDolls,2019,5,5905,Comedy,PG,Kelly Asbury,Kelly Clarkson,20150241,3372,8603407,42.7,3372,4/1/2019,4/1/2019,Not POC,White,0
Unplanned,2019,5.8,12781,Comedy,R,Chuck Konzelman,Cary Solomon,19005109,3372,6382298,33.6,3372,7/1/2019,7/1/2019,Not POC,White,1
CHIPS,2017,6,43069,Drama,R,Dax Shepard,Michael Peña,18600152,3304,7722802,41.5,3304,10/1/2017,10/1/2017,POC,Hispanic,1
Only the Brave,2017,7.6,59669,Drama,PG-13,Joseph Kosinski,Josh Brolin,18343983,3098,6002665,32.7,3098,9/1/2017,9/1/2017,Not POC,White,1
Call Me by Your Name,2017,7.9,218986,Drama,R,Luca Guadagnino,Armie Hammer,18095701,3024,412932,2.3,3024,12/1/2017,12/1/2017,Not POC,White,1
Show Dogs,2018,3.8,4230,Action,PG,Raja Gosnell,Will Arnett,17857020,3102,6023972,33.7,3102,9/1/2018,9/1/2018,Not POC,White,1
Bad Times at the El Royale,2018,7.1,131261,Action,R,Drew Goddard,Jeff Bridges,17839115,3102,7132647,40,3102,11/1/2018,11/1/2018,Not POC,White,1
Mother!,2017,6.6,194070,Drama,R,Darren Aronofsky,Jennifer Lawrence,17800004,3451,7534673,42.3,3451,8/1/2017,8/1/2017,Not POC,White,0
The Farewell,2019,7.6,52819,Comedy,PG,Lulu Wang,Shuzhen Zhao,17695781,3585,355662,2,3585,5/1/2019,5/1/2019,POC,Asian,0
Operation Finale,2018,6.6,34577,Action,PG-13,Chris Weitz,Oscar Isaac,17612099,3656,6022758,34.2,3656,5/1/2018,5/1/2018,POC,Hispanic,1
The Zookeeper's Wife,2017,7,39136,Drama,PG-13,Niki Caro,Jessica Chastain,17571660,3451,3288835,18.7,3451,10/1/2017,10/1/2017,Not POC,White,0
"Paul, Apostle of Christ",2018,6.7,7462,Action,PG-13,Andrew Hyatt,Jim Caviezel,17560475,3656,5172585,29.5,3656,8/1/2018,8/1/2018,Not POC,White,1
Free Solo,2018,8.2,55898,Action,PG-13,Jimmy Chin,Elizabeth Chai Vasarhelyi,17541090,4070,294288,1.7,4070,9/1/2018,9/1/2018,Not POC,White,0
Father Figures,2017,5.5,18511,Drama,R,Lawrence Sher,Owen Wilson,17501244,1557,3287451,18.8,1557,11/1/2017,11/1/2017,Not POC,White,1
Sorry to Bother You,2018,6.9,66058,Action,R,Boots Riley,LaKeith Stanfield,17493096,4037,727266,4.2,4037,11/1/2018,11/1/2018,POC,Black,1
Chappaquiddick,2017,6.4,12263,Drama,PG-13,John Curran,Jason Clarke,17395520,2006,5765854,33.1,2006,5/1/2018,5/1/2018,Not POC,White,1
Brightburn,2019,6.1,81160,Comedy,R,David Yarovesky,Elizabeth Banks,17300439,2912,7845658,45.3,2912,2/1/2019,2/1/2019,Not POC,White,0
The Glass Castle,2017,7.2,30360,Drama,PG-13,Destin Daniel Cretton,Brie Larson,17273059,4,4678548,27.1,4,4/1/2017,4/1/2017,Not POC,White,0
Flatliners,2017,5.2,43238,Drama,PG-13,Niels Arden Oplev,Elliot Page,16883115,2388,6574326,38.9,2388,10/1/2017,10/1/2017,Not POC,White,1
The Kid Who Would Be King,2019,6,14806,Comedy,PG,Joe Cornish,Louis Ashbourne Serkis,16790790,2001,7173887,42.7,2001,10/1/2019,10/1/2019,Not POC,White,1
Detroit,2017,7.3,49051,Drama,R,Kathryn Bigelow,John Boyega,16790139,2388,350190,2.1,2388,12/1/2017,12/1/2017,POC,Black,1
Missing Link,2019,6.7,22565,Comedy,PG,Chris Butler,Hugh Jackman,16649539,3,5944950,35.7,3,,,Not POC,White,1
Mary Queen of Scots,2018,6.3,43310,Action,R,Josie Rourke,Saoirse Ronan,16468499,1623,194777,1.2,1623,7/1/2018,7/1/2018,Not POC,White,0
Forever My Girl,2018,6.7,15012,Action,PG,Bethany Ashton Wolf,Alex Roe,16376066,3055,4245630,25.9,3055,6/1/2018,6/1/2018,Not POC,White,1
Mortal Engines,2018,6.1,112055,Action,PG-13,Christian Rivers,Hera Hilmar,15951040,3055,7559850,47.4,3055,9/1/2018,9/1/2018,Not POC,White,0
Hunter Killer,2018,6.6,55737,Action,R,Donovan Marsh,Gerard Butler,15767460,1914,6653777,42.2,1914,8/1/2018,8/1/2018,Not POC,White,1
Late Night,2019,6.5,30059,Comedy,R,Nisha Ganatra,Emma Thompson,15499454,3460,246305,1.6,3460,9/1/2019,9/1/2019,Not POC,White,0
Miss Bala,2019,5.8,9159,Comedy,PG-13,Catherine Hardwicke,Gina Rodriguez,15006824,3460,6864744,45.7,3460,12/1/2019,12/1/2019,POC,Hispanic,0
If Beale Street Could Talk,2018,7.1,43447,Action,R,Barry Jenkins,KiKi Layne,14915773,1512,224476,1.5,1512,3/1/2018,3/1/2018,Not POC,White,0
The Girl in the Spider's Web,2018,6.1,42570,Action,R,Fede Alvarez,Claire Foy,14841338,3440,7810112,52.6,3440,4/1/2018,4/1/2018,Not POC,White,0
The Possession of Hannah Grace,2018,5.2,19749,Action,R,Diederik Van Rooijen,Shay Mitchell,14837422,3440,6401744,43.1,3440,6/1/2018,6/1/2018,POC,Asian,0
The Case for Christ,2017,6.3,7957,Drama,PG,Jon Gunn,Erika Christensen,14682684,3511,3967885,27,3511,5/1/2017,5/1/2017,Not POC,White,0
Wish Upon,2017,5,18672,Drama,PG-13,John R. Leonetti,Joey King,14301505,3501,5467084,38.2,3501,8/1/2017,8/1/2017,Not POC,White,0
RBG,2018,7.6,12874,Action,PG,Julie Cohen,Betsy West,14017361,2534,578470,4.1,2534,12/1/2018,12/1/2018,Not POC,White,0
It Comes at Night,2017,6.2,85127,Drama,R,Trey Edward Shults,Joel Edgerton,13985117,3328,5988370,42.8,3328,2/1/2017,2/1/2017,Not POC,White,1
Poms,2019,6,4323,Comedy,PG-13,Zara Hayes,Diane Keaton,13631124,5,5361937,39.3,5,,,Not POC,White,0
Eighth Grade,2018,7.4,64430,Action,R,Bo Burnham,Elsie Fisher,13539709,2442,263797,1.9,2442,4/1/2018,4/1/2018,Not POC,White,0
Megan Leavey,2017,7.1,21891,Drama,PG-13,Gabriela Cowperthwaite,Kate Mara,13406883,3610,3810867,28.4,3610,4/1/2017,4/1/2017,Not POC,White,0
The Darkest Minds,2018,5.7,28620,Action,PG-13,Jennifer Yuh Nelson,Amandla Stenberg,12695691,3064,5842609,46,3064,3/1/2018,3/1/2018,POC,Black,0
Battle of the Sexes,2017,6.7,50856,Drama,PG-13,Jonathan Dayton,Valerie Faris,12638526,3076,518332,4.1,3076,4/1/2017,4/1/2017,Not POC,White,0
Three Identical Strangers,2018,7.6,29246,Action,PG-13,Tim Wardle,Robert Shafran,12320845,3056,171503,1.4,3056,6/1/2018,6/1/2018,Not POC,White,1
Before I Fall,2017,6.5,47010,Drama,PG-13,Ry Russo-Young,Zoey Deutch,12241122,3061,4690214,38.3,3061,7/1/2017,7/1/2017,Not POC,White,0
The Kitchen,2019,5.5,16456,Comedy,R,Andrea Berloff,Melissa McCarthy,12180032,3444,5527410,45.4,3444,2/1/2019,2/1/2019,Not POC,White,0
After,2019,5.3,40539,Comedy,PG-13,Jenny Gage,Josephine Langford,12138565,3444,6002349,49.4,3444,5/1/2019,5/1/2019,Not POC,White,0
"Roman J. Israel, Esq.",2017,6.5,34282,Drama,PG-13,Dan Gilroy,Denzel Washington,11962778,2471,61999,0.5,2471,6/1/2017,6/1/2017,POC,Black,1
Blinded by the Light,2019,6.9,20427,Comedy,PG-13,Gurinder Chadha,Billy Barratt,11901145,3642,4333305,36.4,3642,10/1/2019,10/1/2019,Not POC,White,1
Unforgettable,2017,5.1,14122,Drama,R,Denise Di Novi,Rosario Dawson,11368012,2471,4785431,42.1,2471,8/1/2017,8/1/2017,POC,Hispanic,0
The Old Man & the Gun,2018,6.7,41100,Action,PG-13,David Lowery,Robert Redford,11277120,3723,142131,1.3,3723,10/1/2018,10/1/2018,Not POC,White,1
Hell Fest,2018,5.5,14447,Action,R,Gregory Plotkin,Cynthea Mercado,11107431,3521,5130963,46.2,3521,12/1/2018,12/1/2018,Not POC,White,0
Welcome to Marwen,2018,6.2,20695,Action,PG-13,Robert Zemeckis,Steve Carell,10763520,3018,2354205,21.9,3018,1/1/2018,1/1/2018,Not POC,White,1
The Beguiled,2017,6.3,52918,Drama,R,Sofia Coppola,Nicole Kidman,10709995,3651,229292,2.1,3651,1/1/2017,1/1/2017,Not POC,White,0
Greta,2018,6,27470,Action,R,Neil Jordan,Isabelle Huppert,10532219,2808,4481910,42.6,2808,7/1/2019,7/1/2019,Not POC,White,0
The Miracle Season,2018,6.5,4732,Action,PG,Sean McNamara,Helen Hunt,10230620,3002,3950652,38.6,3002,3/1/2018,3/1/2018,Not POC,White,0
The Best of Enemies,2019,7.2,11136,Comedy,PG-13,Robin Bissell,Taraji P. Henson,10205616,2803,4446190,43.6,2803,5/1/2019,5/1/2019,POC,Black,0
Marshall,2017,7.3,21390,Drama,PG-13,Reginald Hudlin,Chadwick Boseman,10051659,2471,3000805,29.9,2471,6/1/2017,6/1/2017,POC,Black,1
Hotel Mumbai,2018,7.6,54716,Action,R,Anthony Maras,Dev Patel,9651611,3838,88065,0.9,3838,3/1/2019,3/1/2019,POC,Indian,1
The Wife,2017,7.2,35953,Drama,R,Björn Runge,Glenn Close,9601092,2432,108284,1.1,2432,1/1/2018,1/1/2018,Not POC,White,0
Midnight Sun,2018,6.6,24734,Action,PG-13,Scott Speer,Bella Thorne,9561064,2432,4003993,41.9,2432,3/1/2018,3/1/2018,POC,Hispanic,0
Thank You for Your Service,2017,6.5,12640,Drama,R,Jason Hall,Miles Teller,9536300,2270,3817700,40,2270,10/1/2017,10/1/2017,Not POC,White,1
Tully,2018,7,53663,Action,R,Jason Reitman,Charlize Theron,9369755,3640,3282610,35,3640,10/1/2018,10/1/2018,Not POC,White,0
No Manches Frida 2,2019,4.1,857,Comedy,R,Nacho G. Velilla,Martha Higareda,9270920,3618,3831401,41.3,3618,9/1/2019,9/1/2019,POC,Hispanic,0
"Where'd You Go, Bernadette",2019,6.5,17857,Comedy,PG-13,Richard Linklater,Cate Blanchett,9198356,3618,3462308,37.6,3618,11/1/2019,11/1/2019,Not POC,White,0
Traffik,2018,6,18788,Action,R,Deon Taylor,Priscilla Quintana,9186156,3640,3941338,42.9,3640,1/1/2018,1/1/2018,Not POC,White,0
Apollo 11,2019,8.2,22477,Comedy,G,Todd Douglas Miller,Neil Armstrong,9039891,3185,1607040,17.8,3185,11/1/2019,11/1/2019,Not POC,White,1
Unfriended: Dark Web,2018,6,27833,Action,R,Stephen Susco,Colin Woodell,8866745,2998,3653035,41.2,2998,6/1/2018,6/1/2018,Not POC,White,1
Can You Ever Forgive Me?,2018,7.1,47628,Action,R,Marielle Heller,Melissa McCarthy,8803865,2964,161510,1.8,2964,8/1/2018,8/1/2018,Not POC,White,0
Serenity,2019,5.4,36891,Comedy,R,Steven Knight,Matthew McConaughey,8547045,3125,4415403,51.7,3125,,,Not POC,White,1
Early Man,2018,6.1,20156,Action,PG,Nick Park,Eddie Redmayne,8267544,2006,3190525,38.6,2006,3/1/2018,3/1/2018,Not POC,White,1
The Death of Stalin,2017,7.2,89083,Drama,R,Armando Iannucci,Steve Buscemi,8047856,2006,184805,2.3,2006,6/1/2018,6/1/2018,Not POC,White,1
The Space Between Us,2017,6.4,48871,Drama,PG-13,Peter Chelsom,Gary Oldman,7885294,2976,3775596,47.9,2976,11/1/2017,11/1/2017,Not POC,White,1
Unsane,2018,6.4,41369,Action,R,Steven Soderbergh,Claire Foy,7732899,3662,3762145,48.7,3662,6/1/2018,6/1/2018,Not POC,White,0
Beautiful Boy,2018,7.3,56287,Action,R,Felix van Groeningen,Steve Carell,7649973,2742,218888,2.9,2742,6/1/2018,6/1/2018,Not POC,White,1
Pandas,2018,7.4,571,Biography,G,David Douglas,Drew Fellman,7574012,2742,158915,2.1,2742,9/1/2018,9/1/2018,Not POC,White,1
Let There Be Light,2017,4.7,2542,Drama,PG-13,Kevin Sorbo,Kevin Sorbo,7233471,2837,1729535,23.9,2837,2/1/2017,2/1/2017,Not POC,White,1
Beatriz at Dinner,2017,6,9132,Drama,R,Miguel Arteta,Salma Hayek,7115854,3702,141959,2,3702,5/1/2017,5/1/2017,POC,Hispanic,0
Dog Days,2018,6.2,4251,Action,PG,Ken Marino,Nina Dobrev,6809080,2803,2554766,37.5,2803,2/1/2018,2/1/2018,Not POC,White,0
Boy Erased,2018,6.9,33397,Action,R,Joel Edgerton,Lucas Hedges,6788692,3068,207057,3.1,3068,4/1/2018,4/1/2018,Not POC,White,1
Loving Vincent,2017,7.8,51664,Drama,PG-13,Dorota Kobiela,Hugh Welchman,6735118,2941,23180,0.3,2941,10/1/2017,10/1/2017,Not POC,White,1
Hotel Artemis,2018,6.1,47555,Action,R,Drew Pearce,Jodie Foster,6708147,3029,3232790,48.2,3029,7/1/2018,7/1/2018,Not POC,White,0
The Snowman,2017,5.1,59142,Drama,R,Tomas Alfredson,Michael Fassbender,6700035,2941,3372565,50.3,2941,12/1/2017,12/1/2017,Not POC,White,1
A-X-L,2018,5.3,10665,Action,PG,Oliver Daly,Alex Neustaedter,6501381,3702,2798229,43,3702,1/1/2018,1/1/2018,Not POC,White,1
Same Kind of Different as Me,2017,6.6,6633,Drama,PG-13,Michael Carney,Greg Kinnear,6423605,3154,2591985,40.4,3154,9/1/2017,9/1/2017,Not POC,White,1
Fahrenheit 11/9,2018,7,18232,Action,R,Michael Moore,Jim Acosta,6352306,3702,3008563,47.4,3702,3/1/2018,3/1/2018,Not POC,White,1
Every Day,2018,6.4,18897,Biography,PG-13,Michael Sucsy,Angourie Rice,6102076,2607,3016149,49.4,2607,12/1/2018,12/1/2018,Not POC,White,0
Just Getting Started,2017,4.5,6443,Drama,PG-13,Ron Shelton,Morgan Freeman,6069605,2515,3201459,52.7,2515,12/1/2017,12/1/2017,POC,Black,1
The Florida Project,2017,7.6,97277,Drama,R,Sean Baker,Brooklynn Prince,5904366,2801,157553,2.7,2801,5/1/2017,5/1/2017,Not POC,White,0
Death of a Nation,2018,4.6,6474,Biography,PG-13,Dinesh D'Souza,Bruce Schooley,5885881,2892,2356522,40,2892,3/1/2018,3/1/2018,Not POC,White,1
All Saints,2017,6.1,1582,Drama,PG,Steve Gomer,John Corbett,5802208,2801,1514278,26.1,2801,7/1/2017,7/1/2017,Not POC,White,1
Suburbicon,2017,5.7,40881,Drama,R,George Clooney,Matt Damon,5775178,2890,2840246,49.2,2890,8/1/2017,8/1/2017,Not POC,White,1
My Hero Academia: Two Heroes,2018,7.5,7030,Biography,PG-13,Kenji Nagasaki,Daiki Yamashita,5754556,3042,1388499,24.1,3042,2/1/2018,2/1/2018,POC,Asian,1
Kin,2018,5.8,15031,Biography,PG-13,Jonathan Baker,Josh Baker,5718096,3520,3035618,53.1,3520,8/1/2018,8/1/2018,Not POC,White,1
The Man Who Invented Christmas,2017,7,13716,Drama,PG,Bharat Nalluri,Dan Stevens,5676486,4,1357129,23.9,4,12/1/2017,12/1/2017,Not POC,White,1
Gloria Bell,2018,6.3,9666,Biography,R,Sebastián Lelio,Julianne Moore,5611123,2913,145218,2.6,2913,4/1/2019,4/1/2019,Not POC,White,0
Tiger Zinda Hai,2017,5.9,22234,Drama,Not Rated,Ali Abbas Zafar,Salman Khan,5560921,3246,1787108,32.1,3246,1/1/2017,1/1/2017,POC,Indian,1
Stan & Ollie,2018,7.2,33500,Biography,PG,Jon S. Baird,Steve Coogan,5470235,3520,78104,1.4,3520,10/1/2018,10/1/2018,Not POC,White,1
Colette,2018,6.7,20080,Biography,R,Wash Westmoreland,Keira Knightley,5137622,2881,161179,3.1,2881,8/1/2018,8/1/2018,Not POC,White,0
Action Point,2018,5.1,10274,Biography,R,Tim Kirkby,Johnny Knoxville,5059608,2980,2390164,47.2,2980,9/1/2018,9/1/2018,Not POC,White,1
Beirut,2018,6.4,19399,Biography,R,Brad Anderson,Jon Hamm,5019226,2980,1734497,34.6,2980,11/1/2018,11/1/2018,Not POC,White,1
Gringo,2018,6.1,27342,Biography,R,Nash Edgerton,Joel Edgerton,4969853,1554,2722420,54.8,1554,11/1/2018,11/1/2018,Not POC,White,1
Cold War,2018,7.6,50093,Biography,R,Pawel Pawlikowski,Joanna Kulig,4580048,2882,54353,1.2,2882,3/1/2018,3/1/2018,Not POC,White,0
The Book of Henry,2017,6.6,24447,Drama,PG-13,Colin Trevorrow,Naomi Watts,4504974,3119,1424540,31.6,3119,3/1/2017,3/1/2017,Not POC,White,0
Amazing Grace,2018,7.5,3860,Biography,G,Alan Elliott,Sydney Pollack,4450456,2847,57353,1.3,2847,5/1/2018,5/1/2018,Not POC,White,1
Johnny English Strikes Again,2018,6.2,65647,Biography,PG,David Kerr,Rowan Atkinson,4412170,3111,1638895,37.1,3111,8/1/2018,8/1/2018,Not POC,White,1
Brian Banks,2018,7.2,4629,Biography,PG-13,Tom Shadyac,Aldis Hodge,4376819,1173,2156272,49.3,1173,10/1/2019,10/1/2019,Not POC,White,1
The Biggest Little Farm,2018,8.1,5778,Biography,PG,John Chester,John Chester,4366949,5,110492,2.5,5,,,Not POC,White,1
Gotti,2018,4.8,13967,Biography,R,Kevin Connolly,John Travolta,4343227,3111,1719902,39.6,3111,9/1/2018,9/1/2018,Not POC,White,1
Stronger,2017,6.9,41294,Drama,R,David Gordon Green,Jake Gyllenhaal,4211129,3185,1611040,38.3,3185,2/1/2017,2/1/2017,Not POC,White,1
Ya veremos,2018,5.7,611,Biography,PG-13,Pitipol Ybarra,Mauricio Ochmann,4165949,1947,1803848,43.3,1947,3/1/2018,3/1/2018,POC,Hispanic,1
Life Itself,2018,6.9,18021,Biography,R,Dan Fogelman,Oscar Isaac,4102648,2468,2123463,51.8,2468,11/1/2018,11/1/2018,POC,Hispanic,1
The Hero,2017,6.5,8250,Drama,R,Brett Haley,Sam Elliott,4077333,3185,45317,1.1,3185,4/1/2017,4/1/2017,Not POC,White,1
Replicas,2018,5.5,33212,Biography,PG-13,Jeffrey Nachmanoff,Keanu Reeves,4046429,1721,2375325,58.7,1721,12/1/2019,12/1/2019,Not POC,White,1
Ben Is Back,2018,6.7,18983,Biography,R,Peter Hedges,Julia Roberts,3703184,3015,80734,2.2,3015,6/1/2018,6/1/2018,Not POC,White,0
Table 19,2017,5.8,26538,Drama,PG-13,Jeffrey Blitz,Anna Kendrick,3614896,3070,1597928,44.2,3070,1/1/2017,1/1/2017,Not POC,White,0
Indivisible,2018,5.8,1078,Biography,PG-13,David G. Evans,Sarah Drew,3511417,2827,1503101,42.8,2827,11/1/2018,11/1/2018,Not POC,White,0
BTS World Tour: Love Yourself in Seoul,2018,8.9,856,Biography,112 min,BTS,J-Hope,3509917,3230,2860016,81.5,3230,5/1/2019,5/1/2019,POC,Asian,1
The Oscar Nominated Short Films 2018: Live Action,2018,7.8,195,Biography,R,Max Porter,Kobe Bryant,3508777,2827,695044,19.8,2827,1/1/2018,1/1/2018,POC,Black,1
Disobedience,2017,6.6,25976,Drama,R,Sebastián Lelio,Rachel Weisz,3498782,2125,237393,6.8,2125,4/1/2018,4/1/2018,Not POC,White,0
An Inconvenient Sequel: Truth to Power,2017,6.4,7690,Drama,PG,Bonni Cohen,Jon Shenk,3496795,3088,124823,3.6,3088,12/1/2017,12/1/2017,Not POC,White,1
Til Death Do Us Part,2017,4.6,1191,Drama,PG-13,Chris Stokes,Taye Diggs,3455267,3146,1527289,44.2,3146,3/1/2017,3/1/2017,POC,Black,1
First Reformed,2017,7.1,49018,Drama,R,Paul Schrader,Ethan Hawke,3448256,2038,97562,2.8,2038,7/1/2018,7/1/2018,Not POC,White,1
"Juliet, Naked",2018,6.6,20118,Biography,R,Jesse Peretz,Chris O'Dowd,3444895,2780,60886,1.8,2780,12/1/2018,12/1/2018,Not POC,White,1
Bad Samaritan,2018,6.5,19903,Biography,R,Dean Devlin,David Tennant,3435047,2776,1726868,50.3,2776,2/1/2018,2/1/2018,Not POC,White,1
7 Days in Entebbe,2018,5.8,14177,Biography,PG-13,José Padilha,Batsheva Dance Company,3326885,2358,1592645,47.9,2358,8/1/2018,8/1/2018,Not POC,White,1
Shoplifters,2018,7.9,64825,Biography,R,Hirokazu Koreeda,Lily Franky,3313513,2358,89264,2.7,2358,11/1/2018,11/1/2018,Not POC,White,1
Maiden,2018,7.7,1868,Biography,PG,Alex Holmes,Frank Bough,3168978,3007,46931,1.5,3007,8/1/2019,8/1/2019,Not POC,White,1
The Sisters Brothers,2018,7,56110,Biography,R,Jacques Audiard,John C. Reilly,3143056,3188,115575,3.7,3188,10/1/2018,10/1/2018,Not POC,White,1
Thoroughbreds,2017,6.7,36508,Adventure,R,Cory Finley,Olivia Cooke,3072605,2375,1224430,39.8,2375,10/1/2018,10/1/2018,Not POC,White,0
Whitney,2018,7.3,6791,Biography,R,Kevin Macdonald,Whitney Houston,3026351,36,1265572,41.8,36,1/1/2018,1/1/2018,POC,Black,0
Ingrid Goes West,2017,6.6,37000,Adventure,R,Matt Spicer,Aubrey Plaza,3024308,3,135301,4.5,3,5/1/2017,5/1/2017,POC,Hispanic,0
American Animals,2018,7,39593,Biography,R,Bart Layton,Spencer Reinhard,2856954,9,134793,4.7,9,11/1/2018,11/1/2018,Not POC,White,1
God Bless the Broken Road,2018,5.6,912,Drama,PG,Harold Cronk,Matthew Derek Davis,2846257,2480,1386254,48.7,2480,2/1/2018,2/1/2018,Not POC,White,1
La boda de Valentina,2018,4.8,594,Drama,R,Marco Polo Constandse,Kate Vernon,2783739,2480,1147073,41.2,2480,3/1/2018,3/1/2018,Not POC,White,0
My Cousin Rachel,2017,6,17915,Adventure,PG-13,Roger Michell,Rachel Weisz,2716368,2931,969941,35.7,2931,2/1/2017,2/1/2017,Not POC,White,0
Everybody Knows,2018,6.9,30008,Drama,R,Asghar Farhadi,Penélope Cruz,2660165,2707,71207,2.7,2707,7/1/2019,7/1/2019,POC,Hispanic,0
Qué León,2018,6.2,314,Drama,PG-13,Frank Perozo,Christine Marzano,2607916,33,291936,11.2,33,3/1/2018,3/1/2018,Not POC,White,0
A Question of Faith,2017,5.9,982,Adventure,PG,Kevan Otto,Richard T. Jones,2587072,3031,1025489,39.6,3031,8/1/2017,8/1/2017,Not POC,White,1
Do It Like An Hombre,2017,5.6,1132,Adventure,R,Nicolás López,Mauricio Ochmann,2534252,3104,1174484,46.3,3104,1/1/2017,1/1/2017,Not POC,White,1
You Were Never Really Here,2017,6.8,106689,Adventure,R,Lynne Ramsay,Joaquin Phoenix,2528078,2464,132829,5.3,2464,3/1/2018,3/1/2018,POC,Hispanic,1
Suspiria,2018,6.8,63607,Drama,R,Luca Guadagnino,Chloë Grace Moretz,2483472,2464,184037,7.4,2464,5/1/2018,5/1/2018,Not POC,White,0
Tulip Fever,2017,6.2,18905,Adventure,R,Justin Chadwick,Alicia Vikander,2455635,3134,1158017,47.2,3134,6/1/2017,6/1/2017,Not POC,White,0
The Rider,2017,7.4,15132,Adventure,R,Chloé Zhao,Brady Jandreau,2419031,2504,42244,1.7,2504,9/1/2018,9/1/2018,Not POC,White,1
Arctic,2018,6.8,44449,Drama,PG-13,Joe Penna,Mads Mikkelsen,2410795,3380,50878,2.1,3380,12/1/2019,12/1/2019,Not POC,White,1
T2 Trainspotting,2017,7.2,115311,Adventure,R,Danny Boyle,Ewan McGregor,2402004,2123,170575,7.1,2123,12/1/2017,12/1/2017,Not POC,White,1
Hearts Beat Loud,2018,6.9,10059,Drama,PG-13,Brett Haley,Nick Offerman,2386251,893,74524,3.1,893,6/1/2018,6/1/2018,Not POC,White,1
1991,2018,7.1,828,Drama,141 min,Ricardo Trogi,Jean-Carl Boucher,2342264,29,328828,14,29,9/1/2018,9/1/2018,Not POC,White,1
Papillon,2017,7.2,58672,Adventure,R,Michael Noer,Charlie Hunnam,2335896,2859,1090073,46.7,2859,11/1/2018,11/1/2018,Not POC,White,1
Jeepers Creepers III,2017,3.9,17650,Adventure,Not Rated,Victor Salva,Stan Shaw,2335162,2215,19151,0.8,2215,4/1/2017,4/1/2017,Not POC,White,1
At Eternity's Gate,2018,6.9,29250,Drama,PG-13,Julian Schnabel,Willem Dafoe,2294915,2859,92856,4,2859,12/1/2018,12/1/2018,Not POC,White,1
The Killing of a Sacred Deer,2017,7,127462,Adventure,R,Yorgos Lanthimos,Barry G. Bernson,2291901,2668,115120,5,2668,12/1/2017,12/1/2017,Not POC,White,1
The Lovers,2017,6.1,3487,Adventure,R,Azazel Jacobs,Debra Winger,2194521,2220,66286,3,2220,1/1/2017,1/1/2017,Not POC,White,0
Brad's Status,2017,6.5,16185,Adventure,R,Mike White,Ben Stiller,2133158,1060,89921,4.2,1060,9/1/2017,9/1/2017,Not POC,White,1
Puzzle,2018,6.7,7089,Drama,R,Marc Turtletaub,Kelly Macdonald,2032018,3256,61214,3,3256,8/1/2018,8/1/2018,Not POC,White,0
Good Time,2017,7.4,94427,Adventure,R,Benny Safdie,Josh Safdie,2026499,4,125101,6.2,4,1/1/2017,1/1/2017,Not POC,White,1
A Fantastic Woman,2017,7.2,23109,Adventure,R,Sebastián Lelio,Daniela Vega,2020988,2220,64241,3.2,2220,6/1/2018,6/1/2018,Not POC,White,0
Pope Francis: A Man of His Word,2018,6.3,2066,Drama,PG,Wim Wenders,Pope Francis,2008385,2220,507870,25.3,2220,8/1/2018,8/1/2018,Not POC,White,1
The Front Runner,2018,6.1,11761,Drama,R,Jason Reitman,Hugh Jackman,2000105,0,51543,2.6,0,5/1/2018,5/1/2018,Not POC,White,1
Everybody Loves Somebody,2017,6.5,3822,Adventure,PG-13,Catalina Aguilar Mastretta,Karla Souza,1915789,3162,924201,48.2,3162,8/1/2017,8/1/2017,POC,Hispanic,0
Along With the Gods: The Two Worlds,2017,7.3,12475,Adventure,Not Rated,Yong-hwa Kim,Jung-woo Ha,1908823,2528,185546,9.7,2528,10/1/2017,10/1/2017,Not POC,White,1
Racetime,2018,5.6,390,Drama,PG,Benoît Godbout,Jean-François Pouliot,1875283,2808,271061,14.5,2808,10/1/2018,10/1/2018,Not POC,White,1
Toilet: A Love Story,2017,7.2,18341,Adventure,Not Rated,Shree Narayan Singh,Anupam Kher,1830715,2575,678436,37.1,2575,12/1/2017,12/1/2017,Not POC,White,1
The Wall,2017,6.2,24509,Adventure,R,Doug Liman,Aaron Taylor-Johnson,1803064,1186,897955,49.8,1186,12/1/2017,12/1/2017,Not POC,White,1
The Last Word,2017,6.7,7517,Adventure,R,Mark Pellington,Shirley MacLaine,1783421,1010,31630,1.8,1010,12/1/2017,12/1/2017,Not POC,White,0
Goodbye Christopher Robin,2017,7.1,25096,Adventure,PG,Simon Curtis,Domhnall Gleeson,1735251,19,57917,3.3,19,3/1/2017,3/1/2017,Not POC,White,1
Jane,2017,7.8,4640,Adventure,PG,Brett Morgen,Jane Goodall,1723379,1803,58348,3.4,1803,1/1/2017,1/1/2017,Not POC,White,0
Race 3,2018,1.9,34572,Drama,Not Rated,Remo D'Souza,Anil Kapoor,1690861,1818,1690861,100,1818,11/1/2018,11/1/2018,POC,Indian,1
Pad Man,2018,7.9,21731,Drama,PG-13,R. Balki,Akshay Kumar,1670192,1473,740313,44.3,1473,3/1/2018,3/1/2018,POC,Indian,1
Jolly LLB 2,2017,7.2,22429,Adventure,Not Rated,Subhash Kapoor,Akshay Kumar,1654254,3163,774355,46.8,3163,6/1/2017,6/1/2017,POC,Indian,1
The Little Hours,2017,5.8,20673,Adventure,R,Jeff Baena,Alison Brie,1647175,425,56676,3.4,425,4/1/2017,4/1/2017,Not POC,White,0
Wild Rose,2018,7.2,11272,Drama,R,Tom Harper,Jessie Buckley,1635117,2062,52938,3.2,2062,10/1/2019,10/1/2019,Not POC,White,0
A Private War,2018,6.7,17043,Drama,R,Matthew Heineman,Rosamund Pike,1633208,483,60491,3.7,483,9/1/2018,9/1/2018,Not POC,White,0
A Ghost Story,2017,6.9,62075,Adventure,R,David Lowery,Casey Affleck,1596371,425,104030,6.5,425,5/1/2017,5/1/2017,Not POC,White,1
The Bookshop,2017,6.5,13294,Adventure,PG,Isabel Coixet,Emily Mortimer,1588150,1050,75736,4.8,1050,7/1/2018,7/1/2018,Not POC,White,0
Professor Marston & the Wonder Women,2017,7.1,23692,Adventure,R,Angela Robinson,Luke Evans,1584759,2464,736883,46.5,2464,3/1/2017,3/1/2017,Not POC,White,1
Red Joan,2018,6.4,9878,Drama,R,Trevor Nunn,Judi Dench,1579730,3303,38949,2.5,3303,5/1/2019,5/1/2019,Not POC,White,0
The Stray,2017,5.5,1007,Adventure,PG,Mitch Davis,Michael Cassidy,1579440,2464,596547,37.8,2464,5/1/2017,5/1/2017,Not POC,White,1
Destroyer,2018,6.2,25757,Drama,R,Karyn Kusama,Nicole Kidman,1533324,1645,55347,3.6,1645,4/1/2018,4/1/2018,Not POC,White,0
A Taxi Driver,2017,7.9,17271,Adventure,Not Rated,Hun Jang,Kang-ho Song,1527829,2577,331854,21.7,2577,2/1/2017,2/1/2017,POC,Asian,1
The Square,2017,7.2,56855,Adventure,R,Ruben Östlund,Claes Bang,1502347,2368,74233,4.9,2368,9/1/2017,9/1/2017,Not POC,White,1
Thugs of Hindostan,2018,4.1,17862,Drama,Not Rated,Vijay Krishna Acharya,Aamir Khan,1449848,1560,1185386,81.8,1560,8/1/2018,8/1/2018,Not POC,White,1
"Don't Worry, He Won't Get Far on Foot",2018,6.9,22757,Drama,R,Gus Van Sant,Joaquin Phoenix,1441705,1052,83339,5.8,1052,12/1/2018,12/1/2018,POC,Hispanic,1
Finding Your Feet,2017,6.7,5794,Adventure,PG-13,Richard Loncraine,Imelda Staunton,1418682,1427,60132,4.2,1427,1/1/2018,1/1/2018,Not POC,White,0
Wonder Wheel,2017,6.2,25854,Adventure,PG-13,Woody Allen,Justin Timberlake,1404061,2902,125570,8.9,2902,12/1/2017,12/1/2017,Not POC,White,1
Little Women,2019,7.8,149947,Action,PG,Greta Gerwig,Saoirse Ronan,1379497,1114,705063,51.1,1114,5/1/2018,5/1/2018,Not POC,White,0
Little Women,2018,5.2,1115,Drama,PG-13,Clare Niederpruem,Sarah Davenport,1379497,1114,705063,51.1,1114,5/1/2018,5/1/2018,Not POC,White,0
My Friend Dahmer,2017,6.2,16768,Adventure,R,Marc Meyers,Ross Lynch,1361611,2902,35545,2.6,2902,2/1/2017,2/1/2017,Not POC,White,1
102 Not Out,2018,7.5,6506,Drama,PG,Umesh Shukla,Amitabh Bachchan,1343797,3103,483681,36,3103,12/1/2018,12/1/2018,Not POC,White,1
The Dinner,2017,4.5,7946,Adventure,R,Oren Moverman,Michael Chernus,1323312,1461,653944,49.4,1461,8/1/2017,8/1/2017,Not POC,White,1
Churchill,2017,6.1,12206,Adventure,PG,Jonathan Teplitzky,Brian Cox,1281258,2552,408891,31.9,2552,9/1/2017,9/1/2017,Not POC,White,1
The Sense of an Ending,2017,6.3,6095,Documentary,PG-13,Ritesh Batra,Jim Broadbent,1274420,2552,39692,3.1,2552,11/1/2017,11/1/2017,Not POC,White,1
McQueen,2018,7.8,6467,Drama,R,Ian Bonhôte,Peter Ettedgui,1257275,4,98873,7.9,4,4/1/2018,4/1/2018,Not POC,White,1
The Seagull,2018,5.7,3161,Drama,PG-13,Michael Mayer,Annette Bening,1252960,2929,79016,6.3,2929,11/1/2018,11/1/2018,Not POC,White,0
3 idiotas,2017,4.3,888,Documentary,PG-13,Carlos Bolado,Martha Higareda,1249233,20,609249,48.8,20,10/1/2017,10/1/2017,POC,Hispanic,0
High Life,2018,5.8,29830,Drama,R,Claire Denis,Robert Pattinson,1225852,2607,99341,8.1,2607,6/1/2019,6/1/2019,Not POC,White,1
Mandy,2018,6.5,65737,Drama,Not Rated,Panos Cosmatos,Nicolas Cage,1214525,2298,225723,18.6,2298,11/1/2018,11/1/2018,Not POC,White,1
Beautifully Broken,2018,5.7,361,Drama,PG-13,Eric Welch,Benjamin A. Onyango,1209645,432,589155,48.7,432,5/1/2018,5/1/2018,POC,Black,1
All Is True,2018,6.2,3608,Drama,PG-13,Kenneth Branagh,Kenneth Branagh,1200481,2454,44211,3.7,2454,11/1/2019,11/1/2019,Not POC,White,1
Along With the Gods: The Last 49 Days,2018,7.1,5697,Drama,Not Rated,Yong-hwa Kim,Jung-woo Ha,1200246,1084,311743,26,1084,7/1/2018,7/1/2018,Not POC,White,1
Andhadhun,2018,8.3,74144,Drama,Not Rated,Sriram Raghavan,Ayushmann Khurrana,1193046,3127,278677,23.4,3127,8/1/2018,8/1/2018,Not POC,White,1
Lean on Pete,2017,7.2,11541,Documentary,R,Andrew Haigh,Charlie Plummer,1163056,5,46975,4,5,10/1/2018,10/1/2018,Not POC,White,1
The Trip to Spain,2017,6.6,5503,Documentary,Unrated,Michael Winterbottom,Steve Coogan,1157604,2533,40875,3.5,2533,6/1/2017,6/1/2017,Not POC,White,1
Step,2017,6.8,843,Documentary,PG,Amanda Lipitz,Gari McIntyre,1146292,2533,146488,12.8,2533,9/1/2017,9/1/2017,Not POC,White,1
Viceroy's House,2017,6.7,7019,Documentary,Not Rated,Gurinder Chadha,Hugh Bonneville,1105717,1508,48134,4.4,1508,7/1/2017,7/1/2017,Not POC,White,1
Columbus,2017,7.2,14710,Documentary,Not Rated,Kogonada,John Cho,1017107,21,26820,2.6,21,12/1/2017,12/1/2017,POC,Asian,1
Perfect Strangers,2017,6.9,12522,Documentary,97 min,Álex de la Iglesia,Belén Rueda,1014507,2138,422656,41.7,2138,4/1/2019,4/1/2019,Not POC,White,0
Golmaal Again,2017,5,8227,Documentary,Not Rated,Rohit Shetty,Ajay Devgn,1013893,2346,1013893,100,2346,4/1/2017,4/1/2017,POC,Indian,1
Raid,2018,7.4,15482,Drama,Not Rated,Raj Kumar Gupta,Ajay Devgn,1010385,1911,423817,41.9,1911,1/1/2018,1/1/2018,POC,Indian,1
1945,2017,7.1,3439,Documentary,91 min,Ferenc Török,Péter Rudolf,1006193,1669,20365,2,1669,11/1/2017,11/1/2017,Not POC,White,1
