titles,year,imdb_rating,num_votes,genre,film_rating,director,lead_actor
Star Wars: Episode VIII - The Last Jedi,2017,7.0,571477,Action,PG-13,Rian Johnson,Daisy Ridley
Beauty and the Beast,I 2017,7.1,277780,Action,PG,Bill Condon,Emma Watson
Wonder Woman,2017,7.4,583896,Action,PG-13,Patty Jenkins,Gal Gadot
Jumanji: Welcome to the Jungle,2017,6.9,325184,Action,PG-13,Jake Kasdan,Dwayne Johnson
Guardians of the Galaxy Vol. 2,2017,7.6,579917,Action,PG-13,James Gunn,Chris Pratt
Spider-Man: Homecoming,2017,7.4,523586,Action,PG-13,Jon Watts,Tom Holland
It,I 2017,7.3,464975,Action,R,Andy Muschietti,Bill Skarsgård
Thor: Ragnarok,2017,7.9,602657,Action,PG-13,Taika Waititi,Chris Hemsworth
Despicable Me 3,2017,6.3,115832,Action,PG,Kyle Balda,Pierre Coffin
Justice League,2017,6.2,406012,Action,PG-13,Zack Snyder,Ben Affleck
Logan,2017,8.1,657892,Action,R,James Mangold,Hugh Jackman
The Fate of the Furious,2017,6.7,207283,Action,PG-13,F. Gary Gray,Vin Diesel
Coco,I 2017,8.4,396713,Action,PG,Lee Unkrich,Adrian Molina
Dunkirk,2017,7.8,565248,Action,PG-13,Christopher Nolan,Fionn Whitehead
Get Out,I 2017,7.7,501310,Action,R,Jordan Peele,Daniel Kaluuya
The Lego Batman Movie,2017,7.3,132467,Action,PG,Chris McKay,Will Arnett
The Boss Baby,2017,6.3,110234,Action,PG,Tom McGrath,Alec Baldwin
The Greatest Showman,2017,7.6,243841,Action,PG,Michael Gracey,Hugh Jackman
Pirates of the Caribbean: Dead Men Tell No Tales,2017,6.5,268203,Action,PG-13,Joachim Rønning,Espen Sandberg
Kong: Skull Island,2017,6.6,279423,Action,PG-13,Jordan Vogt-Roberts,Tom Hiddleston
Cars 3,2017,6.7,78635,Action,G,Brian Fee,Owen Wilson
War for the Planet of the Apes,2017,7.4,230391,Action,PG-13,Matt Reeves,Andy Serkis
Wonder,I 2017,8.0,145232,Action,PG,Stephen Chbosky,Jacob Tremblay
Transformers: The Last Knight,2017,5.2,137141,Action,PG-13,Michael Bay,Mark Wahlberg
Girls Trip,2017,6.2,34758,Action,R,Malcolm D. Lee,Regina Hall
Fifty Shades Darker,2017,4.6,93071,Action,R,James Foley,Dakota Johnson
The Upside,2017,7.0,47042,Action,PG-13,Neil Burger,Kevin Hart
Baby Driver,2017,7.6,447048,Action,R,Edgar Wright,Ansel Elgort
Pitch Perfect 3,2017,5.8,56945,Action,PG-13,Trish Sie,Anna Kendrick
Daddy's Home 2,2017,6.0,63639,Action,PG-13,Sean Anders,Will Ferrell
Murder on the Orient Express,2017,6.5,216551,Action,PG-13,Kenneth Branagh,Kenneth Branagh
Annabelle: Creation,2017,6.5,114171,Action,R,David F. Sandberg,Anthony LaPaglia
Kingsman: The Golden Circle,2017,6.7,277414,Action,R,Matthew Vaughn,Taron Egerton
Blade Runner 2049,2017,8.0,471557,Action,R,Denis Villeneuve,Harrison Ford
John Wick: Chapter 2,2017,7.5,372644,Action,R,Chad Stahelski,Keanu Reeves
The Emoji Movie,2017,3.3,56882,Action,PG,Tony Leondis,T.J. Miller
Power Rangers,2017,5.9,102513,Action,PG-13,Dean Israelite,Dacre Montgomery
Ferdinand,2017,6.7,49713,Action,PG,Carlos Saldanha,John Cena
The Post,2017,7.2,138432,Action,PG-13,Steven Spielberg,Meryl Streep
The Mummy,2017,5.4,174804,Action,PG-13,Alex Kurtzman,Tom Cruise
The Hitman's Bodyguard,2017,6.9,189622,Action,R,Patrick Hughes,Ryan Reynolds
Alien: Covenant,2017,6.4,256827,Action,R,Ridley Scott,Michael Fassbender
Captain Underpants: The First Epic Movie,2017,6.2,25251,Action,PG,David Soren,Kevin Hart
A Bad Moms Christmas,2017,5.6,45576,Action,R,Jon Lucas,Scott Moore
A Dog's Purpose,2017,7.2,66339,Action,PG,Lasse Hallström,Josh Gad
The Shape of Water,2017,7.3,377392,Action,R,Guillermo del Toro,Sally Hawkins
The Lego Ninjago Movie,2017,6.0,22834,Action,PG,Charlie Bean,Paul Fisher
Baywatch,2017,5.5,164409,Action,R,Seth Gordon,Dwayne Johnson
The Shack,I 2017,6.3,30989,Action,PG-13,Stuart Hazeldine,Sam Worthington
Darkest Hour,2017,7.4,174896,Action,PG-13,Joe Wright,Gary Oldman
Happy Death Day,2017,6.6,119022,Comedy,PG-13,Christopher Landon,Jessica Rothe
"Three Billboards Outside Ebbing, Missouri",2017,8.1,442480,Comedy,R,Martin McDonagh,Frances McDormand
Atomic Blonde,2017,6.7,177980,Comedy,R,David Leitch,Charlize Theron
American Made,2017,7.2,160692,Comedy,R,Doug Liman,Tom Cruise
The Dark Tower,2017,5.6,129493,Comedy,PG-13,Nikolaj Arcel,Idris Elba
Lady Bird,2017,7.4,246931,Comedy,R,Greta Gerwig,Saoirse Ronan
Boo 2! A Madea Halloween,2017,3.9,4200,Comedy,PG-13,Tyler Perry,Tyler Perry
Snatched,2017,4.5,33427,Comedy,R,Jonathan Levine,Amy Schumer
Smurfs: The Lost Village,2017,6.0,18838,Comedy,PG,Kelly Asbury,Demi Lovato
Going in Style,2017,6.6,77731,Comedy,PG-13,Zach Braff,Michael Caine
All Eyez on Me,2017,5.9,21423,Comedy,R,Benny Boom,Demetrius Shipp Jr.
xXx: Return of Xander Cage,2017,5.2,86273,Comedy,PG-13,D.J. Caruso,Vin Diesel
47 Meters Down,2017,5.7,49626,Comedy,PG-13,Johannes Roberts,Mandy Moore
The Big Sick,2017,7.5,122770,Comedy,R,Michael Showalter,Kumail Nanjiani
Valerian and the City of a Thousand Planets,2017,6.5,164411,Comedy,PG-13,Luc Besson,Dane DeHaan
The Star,2017,6.3,7016,Comedy,PG,Timothy Reckart,Steven Yeun
Ghost in the Shell,2017,6.3,198248,Comedy,PG-13,Rupert Sanders,Scarlett Johansson
Paddington 2,2017,7.8,62970,Comedy,PG,Paul King,Ben Whishaw
King Arthur: Legend of the Sword,2017,6.7,194328,Comedy,PG-13,Guy Ritchie,Charlie Hunnam
Jigsaw,I 2017,5.8,69603,Comedy,R,Michael Spierig,Peter Spierig
American Assassin,2017,6.2,71822,Comedy,R,Michael Cuesta,Dylan O'Brien
The Foreigner,I 2017,7.0,103967,Comedy,R,Martin Campbell,Katie Leung
"Everything, Everything",2017,6.4,33757,Comedy,PG-13,Stella Meghie,Amandla Stenberg
Wind River,2017,7.7,210907,Comedy,R,Taylor Sheridan,Elizabeth Olsen
Geostorm,2017,5.3,96516,Comedy,PG-13,Dean Devlin,Gerard Butler
Fist Fight,2017,5.6,39942,Comedy,R,Richie Keen,Ice Cube
How to Be a Latin Lover,2017,6.0,14508,Comedy,PG-13,Ken Marino,Eugenio Derbez
Kidnap,2017,5.9,34350,Comedy,R,Luis Prieto,Halle Berry
The Mountain Between Us,2017,6.4,68525,Comedy,PG-13,Hany Abu-Assad,Kate Winslet
Life,I 2017,6.6,209449,Comedy,R,Daniel Espinosa,Jake Gyllenhaal
"I, Tonya",2017,7.5,185854,Comedy,R,Craig Gillespie,Margot Robbie
Hostiles,2017,7.2,73612,Comedy,R,Scott Cooper,Scott Shepherd
Molly's Game,2017,7.4,147534,Comedy,R,Aaron Sorkin,Jessica Chastain
The Nut Job 2: Nutty by Nature,2017,5.5,5972,Comedy,PG,Cal Brunker,Will Arnett
Logan Lucky,2017,7.0,133498,Comedy,PG-13,Steven Soderbergh,Channing Tatum
Rings,2017,4.5,38071,Comedy,PG-13,F. Javier Gutiérrez,Matilda Anna Ingrid Lutz
Home Again,2017,5.8,28933,Comedy,PG-13,Hallie Meyers-Shyer,Reese Witherspoon
The House,I 2017,5.6,41339,Comedy,R,Andrew Jay Cohen,Will Ferrell
All the Money in the World,2017,6.8,76722,Comedy,R,Ridley Scott,Michelle Williams
Gifted,2017,7.6,101651,Comedy,PG-13,Marc Webb,Chris Evans
Downsizing,2017,5.7,100201,Comedy,R,Alexander Payne,Matt Damon
The Bye Bye Man,2017,4.2,22121,Comedy,PG-13,Stacy Title,Douglas Smith
Victoria & Abdul,2017,6.8,32423,Comedy,PG-13,Stephen Frears,Judi Dench
Rough Night,2017,5.2,47773,Comedy,R,Lucia Aniello,Scarlett Johansson
My Little Pony: The Movie,2017,6.1,6087,Comedy,PG,Jayson Thiessen,Emily Blunt
The Disaster Artist,2017,7.4,140211,Comedy,R,James Franco,James Franco
Phantom Thread,2017,7.5,114611,Comedy,R,Paul Thomas Anderson,Vicky Krieps
Sleepless,III 2017,5.6,30144,Comedy,R,Baran bo Odar,Jamie Foxx
Diary of a Wimpy Kid: The Long Haul,2017,4.3,7400,Comedy,PG,David Bowers,Jason Drucker
The Circle,I 2017,5.4,85686,Drama,PG-13,James Ponsoldt,Emma Watson
Baahubali 2: The Conclusion,2017,8.2,76303,Drama,Not Rated,S.S. Rajamouli,Prabhas
CHIPS,2017,6.0,43069,Drama,R,Dax Shepard,Michael Peña
Only the Brave,2017,7.6,59669,Drama,PG-13,Joseph Kosinski,Josh Brolin
Call Me by Your Name,2017,7.9,218986,Drama,R,Luca Guadagnino,Armie Hammer
Mother!,2017,6.6,194070,Drama,R,Darren Aronofsky,Jennifer Lawrence
Father Figures,2017,5.5,18511,Drama,R,Lawrence Sher,Owen Wilson
The Zookeeper's Wife,2017,7.0,39136,Drama,PG-13,Niki Caro,Jessica Chastain
Chappaquiddick,2017,6.4,12263,Drama,PG-13,John Curran,Jason Clarke
The Glass Castle,2017,7.2,30360,Drama,PG-13,Destin Daniel Cretton,Brie Larson
Flatliners,2017,5.2,43238,Drama,PG-13,Niels Arden Oplev,Elliot Page
Detroit,2017,7.3,49051,Drama,R,Kathryn Bigelow,John Boyega
The Case for Christ,2017,6.3,7957,Drama,PG,Jon Gunn,Erika Christensen
Wish Upon,2017,5.0,18672,Drama,PG-13,John R. Leonetti,Joey King
Borg vs. McEnroe,2017,6.9,28437,Drama,R,Janus Metz,Sverrir Gudnason
It Comes at Night,2017,6.2,85127,Drama,R,Trey Edward Shults,Joel Edgerton
Megan Leavey,2017,7.1,21891,Drama,PG-13,Gabriela Cowperthwaite,Kate Mara
Battle of the Sexes,2017,6.7,50856,Drama,PG-13,Jonathan Dayton,Valerie Faris
Before I Fall,2017,6.5,47010,Drama,PG-13,Ry Russo-Young,Zoey Deutch
 Markiplier,2012– ,8.9,38,Drama,Not Rated,Mark Fischbach,Chica Fischbach
"Roman J. Israel, Esq.",2017,6.5,34282,Drama,PG-13,Dan Gilroy,Denzel Washington
Unforgettable,II 2017,5.1,14122,Drama,R,Denise Di Novi,Rosario Dawson
The Beguiled,2017,6.3,52918,Drama,R,Sofia Coppola,Nicole Kidman
Marshall,2017,7.3,21390,Drama,PG-13,Reginald Hudlin,Chadwick Boseman
The Wife,I 2017,7.2,35953,Drama,R,Björn Runge,Glenn Close
Thank You for Your Service,I 2017,6.5,12640,Drama,R,Jason Hall,Miles Teller
The Death of Stalin,2017,7.2,89083,Drama,R,Armando Iannucci,Steve Buscemi
The Space Between Us,I 2017,6.4,48871,Drama,PG-13,Peter Chelsom,Gary Oldman
Let There Be Light,I 2017,4.7,2542,Drama,PG-13,Kevin Sorbo,Kevin Sorbo
Beatriz at Dinner,2017,6.0,9132,Drama,R,Miguel Arteta,Salma Hayek
Loving Vincent,2017,7.8,51664,Drama,PG-13,Dorota Kobiela,Hugh Welchman
The Snowman,2017,5.1,59142,Drama,R,Tomas Alfredson,Michael Fassbender
Same Kind of Different as Me,2017,6.6,6633,Drama,PG-13,Michael Carney,Greg Kinnear
Just Getting Started,2017,4.5,6443,Drama,PG-13,Ron Shelton,Morgan Freeman
The Florida Project,2017,7.6,97277,Drama,R,Sean Baker,Brooklynn Prince
All Saints,2017,6.1,1582,Drama,PG,Steve Gomer,John Corbett
Suburbicon,2017,5.7,40881,Drama,R,George Clooney,Matt Damon
The Man Who Invented Christmas,2017,7.0,13716,Drama,PG,Bharat Nalluri,Dan Stevens
Bitter Harvest,2017,6.0,3546,Drama,R,George Mendeluk,Max Irons
Tiger Zinda Hai,2017,5.9,22234,Drama,Not Rated,Ali Abbas Zafar,Salman Khan
The Book of Henry,2017,6.6,24447,Drama,PG-13,Colin Trevorrow,Naomi Watts
Stronger,I 2017,6.9,41294,Drama,R,David Gordon Green,Jake Gyllenhaal
The Hero,I 2017,6.5,8250,Drama,R,Brett Haley,Sam Elliott
Table 19,2017,5.8,26538,Drama,PG-13,Jeffrey Blitz,Anna Kendrick
Phoenix Forgotten,2017,5.3,5653,Drama,PG-13,Justin Barber,Florence Hartigan
An Inconvenient Sequel: Truth to Power,2017,6.4,7690,Drama,PG,Bonni Cohen,Jon Shenk
Disobedience,2017,6.6,25976,Drama,R,Sebastián Lelio,Rachel Weisz
Til Death Do Us Part,II 2017,4.6,1191,Drama,PG-13,Chris Stokes,Taye Diggs
First Reformed,2017,7.1,49018,Drama,R,Paul Schrader,Ethan Hawke
Raees,2017,6.8,40610,Drama,Not Rated,Rahul Dholakia,Raj Arjun
The Leisure Seeker,2017,6.7,7569,Adventure,R,Paolo Virzì,Helen Mirren
Ingrid Goes West,2017,6.6,37000,Adventure,R,Matt Spicer,Aubrey Plaza
The Oscar Nominated Short Films 2017: Animation,2017 Video,7.2,189,Adventure,PG-13,Nicki Bluhm,Caroline Dhavernas
Thoroughbreds,2017,6.7,36508,Adventure,R,Cory Finley,Olivia Cooke
Wolf Warrior 2,2017,6.0,6992,Adventure,Not Rated,Jing Wu,Jing Wu
Is Genesis History?,2017,4.2,1486,Adventure,Not Rated,Thomas Purifoy,Del Tackett
My Cousin Rachel,2017,6.0,17915,Adventure,PG-13,Roger Michell,Rachel Weisz
A Question of Faith,2017,5.9,982,Adventure,PG,Kevan Otto,Richard T. Jones
Do It Like An Hombre,2017,5.6,1132,Adventure,R,Nicolás López,Mauricio Ochmann
You Were Never Really Here,2017,6.8,106689,Adventure,R,Lynne Ramsay,Joaquin Phoenix
Tulip Fever,2017,6.2,18905,Adventure,R,Justin Chadwick,Alicia Vikander
The Rider,2017,7.4,15132,Adventure,R,Chloé Zhao,Brady Jandreau
Mary and the Witch's Flower,2017,6.8,12424,Adventure,PG,Hiromasa Yonebayashi,Giles New
T2 Trainspotting,2017,7.2,115311,Adventure,R,Danny Boyle,Ewan McGregor
Pokémon the Movie: I Choose You!,2017,6.3,5958,Adventure,PG,Kunihiko Yuyama,Unshô Ishizuka
Papillon,I 2017,7.2,58672,Adventure,R,Michael Noer,Charlie Hunnam
The Killing of a Sacred Deer,2017,7.0,127462,Adventure,R,Yorgos Lanthimos,Barry G. Bernson
Jeepers Creepers III,2017,3.9,17650,Adventure,Not Rated,Victor Salva,Stan Shaw
The Lovers,I 2017,6.1,3487,Adventure,R,Azazel Jacobs,Debra Winger
Brad's Status,2017,6.5,16185,Adventure,R,Mike White,Ben Stiller
Good Time,2017,7.4,94427,Adventure,R,Benny Safdie,Josh Safdie
A Fantastic Woman,2017,7.2,23109,Adventure,R,Sebastián Lelio,Daniela Vega
Badrinath Ki Dulhania,2017,6.1,10548,Adventure,Not Rated,Shashank Khaitan,Varun Dhawan
Indian Horse,2017,7.2,1532,Adventure,Not Rated,Stephen S. Campanelli,Sladen Peltier
Everybody Loves Somebody,2017,6.5,3822,Adventure,PG-13,Catalina Aguilar Mastretta,Karla Souza
Along With the Gods: The Two Worlds,2017,7.3,12475,Adventure,Not Rated,Yong-hwa Kim,Jung-woo Ha
Youth,2017,7.1,2678,Adventure,Not Rated,Xiaogang Feng,Xuan Huang
Toilet: A Love Story,2017,7.2,18341,Adventure,Not Rated,Shree Narayan Singh,Anupam Kher
The Wall,II 2017,6.2,24509,Adventure,R,Doug Liman,Aaron Taylor-Johnson
The Last Word,2017,6.7,7517,Adventure,R,Mark Pellington,Shirley MacLaine
Goodbye Christopher Robin,2017,7.1,25096,Adventure,PG,Simon Curtis,Domhnall Gleeson
Jane,II 2017,7.8,4640,Adventure,PG,Brett Morgen,Jane Goodall
Menashe,2017,6.5,2015,Adventure,PG,Joshua Z Weinstein,Menashe Lustig
Slamma Jamma,2017,6.3,1424,Adventure,PG,Timothy A. Chey,Chris Staples
The Little Hours,2017,5.8,20673,Adventure,R,Jeff Baena,Alison Brie
Jolly LLB 2,2017,7.2,22429,Adventure,Not Rated,Subhash Kapoor,Akshay Kumar
A Ghost Story,2017,6.9,62075,Adventure,R,David Lowery,Casey Affleck
Professor Marston & the Wonder Women,2017,7.1,23692,Adventure,R,Angela Robinson,Luke Evans
The Stray,2017,5.5,1007,Adventure,PG,Mitch Davis,Michael Cassidy
A Taxi Driver,2017,7.9,17271,Adventure,Not Rated,Hun Jang,Kang-ho Song
The Square,2017,7.2,56855,Adventure,R,Ruben Östlund,Claes Bang
Genesis: Paradise Lost,2017,5.3,616,Adventure,PG,Ralph Strean,Andrew J. Fabich
Judwaa 2,2017,3.7,9219,Adventure,TV-14,David Dhawan,Varun Dhawan
Finding Your Feet,2017,6.7,5794,Adventure,PG-13,Richard Loncraine,Imelda Staunton
Wonder Wheel,2017,6.2,25854,Adventure,PG-13,Woody Allen,Justin Timberlake
My Friend Dahmer,2017,6.2,16768,Adventure,R,Marc Meyers,Ross Lynch
The Bookshop,2017,6.5,13294,Adventure,PG,Isabel Coixet,Emily Mortimer
The Dinner,I 2017,4.5,7946,Adventure,R,Oren Moverman,Michael Chernus
Jab Harry Met Sejal,2017,5.3,18885,Adventure,Not Rated,Imtiaz Ali,Shah Rukh Khan
Churchill,2017,6.1,12206,Adventure,PG,Jonathan Teplitzky,Brian Cox
Maria By Callas,2017,7.2,1624,Documentary,PG,Tom Volf,Fanny Ardant
3 idiotas,2017,4.3,888,Documentary,PG-13,Carlos Bolado,Martha Higareda
The Sense of an Ending,2017,6.3,6095,Documentary,PG-13,Ritesh Batra,Jim Broadbent
Steve McQueen: American Icon,2017,7.1,162,Documentary,Not Rated,Jon Erwin,Ben Smallbone
33 & Beyond: The Royal Art of Freemasonry,2017,8.3,88,Documentary,90 min,Johnny Royal,Johnny Royal
Lean on Pete,2017,7.2,11541,Documentary,R,Andrew Haigh,Charlie Plummer
The Trip to Spain,2017,6.6,5503,Documentary,Unrated,Michael Winterbottom,Steve Coogan
Step,2017,6.8,843,Documentary,PG,Amanda Lipitz,Gari McIntyre
Viceroy's House,2017,6.7,7019,Documentary,Not Rated,Gurinder Chadha,Hugh Bonneville
The Dawn Wall,2017,8.1,15622,Documentary,Not Rated,Josh Lowell,Peter Mortimer
Wonderstruck,2017,6.2,9583,Documentary,PG,Todd Haynes,Oakes Fegley
Film Stars Don't Die in Liverpool,2017,6.7,8766,Documentary,R,Paul McGuigan,Annette Bening
Columbus,I 2017,7.2,14710,Documentary,Not Rated,Kogonada,John Cho
Grow House,2017,4.7,323,Documentary,R,DJ Pooh,Malcolm McDowell
Perfect Strangers,2017,6.9,12522,Documentary,97 min,Álex de la Iglesia,Belén Rueda
Golmaal Again,2017,5.0,8227,Documentary,Not Rated,Rohit Shetty,Ajay Devgn
1945,2017,7.1,3439,Documentary,91 min,Ferenc Török,Péter Rudolf
The Insult,2017,7.7,15051,Documentary,R,Ziad Doueiri,Adel Karam
Last Flag Flying,2017,6.9,23076,Documentary,R,Richard Linklater,Bryan Cranston
Lucky,I 2017,7.4,20115,Documentary,Not Rated,John Carroll Lynch,Harry Dean Stanton
Faces Places,2017,7.9,11091,Documentary,PG,JR,Agnès Varda
Landline,I 2017,6.4,4183,Documentary,R,Gillian Robespierre,Jenny Slate
Tubelight,2017,3.9,14580,Documentary,Not Rated,Kabir Khan,Salman Khan
Journey to the West: The Demons Strike Back,2017,5.4,2744,Documentary,PG-13,Hark Tsui,Kris Wu
The Cakemaker,2017,7.2,4136,Documentary,Not Rated,Ofir Raul Graizer,Tim Kalkhof
Let the Sunshine In,2017,6.0,6121,Documentary,Not Rated,Claire Denis,Juliette Binoche
The Ex-File 3: The Return of The Exes,2017,5.6,398,Documentary,PG-13,Yusheng Tian,Geng Han
Bombshell: The Hedy Lamarr Story,2017,7.4,3393,Documentary,88 min,Alexandra Dean,Hedy Lamarr
Beast,III 2017,6.8,10951,Documentary,R,Michael Pearce,Jessie Buckley
Patti Cake$,2017,6.8,9603,Documentary,R,Geremy Jasper,Sahr Ngaujah
Mark Felt: The Man Who Brought Down the White House,2017,6.4,12102,Documentary,PG-13,Peter Landesman,Liam Neeson
Mubarakan,2017,5.5,3518,Documentary,PG-13,Anees Bazmee,Anil Kapoor
The Party,I 2017,6.6,17285,Documentary,R,Sally Potter,Timothy Spall
On Chesil Beach,2017,6.3,10029,Documentary,R,Dominic Cooke,Billy Howle
Walk With Me,I 2017,6.3,888,Documentary,94 min,Marc J. Francis,Max Pugh
May it Last: A Portrait of the Avett Brothers,2017,8.2,620,Documentary,Not Rated,Judd Apatow,Michael Bonfiglio
Shubh Mangal Savdhan,2017,6.9,8859,Documentary,Not Rated,R.S. Prasanna,Ayushmann Khurrana
Wilson,I 2017,5.8,9912,Documentary,R,Craig Johnson,Woody Harrelson
The Only Living Boy in New York,2017,6.3,12262,Documentary,R,Marc Webb,Callum Turner
Foxtrot,II 2017,7.3,6751,Documentary,R,Samuel Maoz,Lior Ashkenazi
Itzhak,2017,7.4,262,Documentary,Not Rated,Alison Chernick,Itzhak Perlman
The Midwife,2017,6.7,2565,Documentary,Unrated,Martin Provost,Catherine Deneuve
Novitiate,2017,6.7,3905,Documentary,R,Maggie Betts,Melissa Leo
Battle of Memories,2017,6.5,928,Documentary,119 min,Leste Chen,Bo Huang
Loveless,2017,7.6,30203,Documentary,R,Andrey Zvyagintsev,Maryana Spivak
Samaritan's Purse presents Facing Darkness,2017,7.3,82,Documentary,Unrated,Arthur Rasco,Franklin Graham
Dolores,I 2017,7.1,297,Documentary,Not Rated,Peter Bratt,Dolores Huerta
Anna and the Apocalypse,2017,6.0,11031,Documentary,R,John McPhail,Ella Hunt
Brigsby Bear,2017,7.3,15646,Comedy,PG-13,Dave McCary,Kyle Mooney
Human Flow,2017,7.1,2419,Comedy,PG-13,Weiwei Ai,Israa Abboud
Fireworks,2017,5.6,2681,Comedy,90 min,Akiyuki Shinbo,Nobuyuki Takeuchi
The Children Act,2017,6.7,11533,Comedy,R,Richard Eyre,Stanley Tucci
Jagga Jasoos,2017,6.5,9247,Comedy,TV-14,Anurag Basu,Ranbir Kapoor
Breathe,I 2017,7.2,19586,Comedy,PG-13,Andy Serkis,Andrew Garfield
Once Upon A Time,I 2017,5.2,1240,Comedy,109 min,Anthony LaMolinara,Xiaoding Zhao
Gongjo,2017,6.6,2668,Comedy,Not Rated,Sung-hoon Kim,Hyun Bin
Beach Rats,2017,6.4,12849,Comedy,R,Eliza Hittman,Harris Dickinson
Cheng feng po lang,2017,6.5,1221,Comedy,102 min,Han Han,Chao Deng
Final Portrait,2017,6.3,5123,Comedy,R,Stanley Tucci,Geoffrey Rush
Scotty and the Secret History of Hollywood,2017,6.6,1156,Comedy,Unrated,Matt Tyrnauer,Scotty Bowers
Phillauri,2017,6.1,3521,Comedy,138 min,Anshai Lal,Anushka Sharma
Chasing the Dragon,2017,6.8,3528,Comedy,128 min,Jason Kwan,Jing Wong
Condorito: The Movie,2017,5.2,784,Comedy,PG,Alex Orrelle,Eduardo Schuldt
Song to Song,I 2017,5.7,19182,Comedy,R,Terrence Malick,Ryan Gosling
A Gentleman,2017,6.2,5021,Comedy,Not Rated,Krishna D.K.,Raj Nidimoru
A Bag of Marbles,2017,7.3,4945,Comedy,Not Rated,Christian Duguay,Dorian Le Clech
"Love, Kennedy",2017,6.7,455,Comedy,PG,T.C. Christensen,Jasen Wade
The Invisibles,2017,7.2,1183,Comedy,110 min,Claus Räfle,Max Mauff
"The Night Is Short, Walk on Girl",2017,7.6,3992,Comedy,PG-13,Masaaki Yuasa,Gen Hoshino
The Gospel According to André,2017,6.5,421,Comedy,PG-13,Kate Novack,André Leon Talley
Leaning Into The Wind,2017,6.7,374,Comedy,PG,Thomas Riedelsheimer,Andy Goldsworthy
Tom of Finland,2017,6.8,5451,Comedy,Not Rated,Dome Karukoski,Pekka Strang
Rebel in the Rye,2017,6.7,8548,Comedy,PG-13,Danny Strong,Nicholas Hoult
Oh Lucy!,2017,6.8,2841,Comedy,95 min,Atsuko Hirayanagi,Shinobu Terajima
Grace Jones: Bloodlight and Bami,2017,6.2,1030,Comedy,115 min,Sophie Fiennes,Grace Jones
Kung Fu Yoga,2017,5.2,9161,Comedy,Not Rated,Stanley Tong,Jackie Chan
Pearl Jam: Let's Play Two,2017,8.4,635,Comedy,Not Rated,Danny Clinch,Pearl Jam
OK Jaanu,2017,5.2,3803,Comedy,Not Rated,Shaad Ali,Aditya Roy Kapoor
God's Own Country,2017,7.7,25923,Comedy,Not Rated,Francis Lee,Josh O'Connor
This Is Not What I Expected,2017,6.7,1397,Comedy,TV-PG,Derek Hui,Takeshi Kaneshiro
Shine,I 2017,4.9,187,Comedy,R,Anthony Nardolillo,Musetta Vander
Flower,I 2017,6.0,7558,Comedy,R,Max Winkler,Zoey Deutch
In the Fade,2017,7.1,29465,Comedy,R,Fatih Akin,Numan Acar
City Of Rock,2017,6.1,504,Comedy,117 min,Chengpeng Dong,Chengpeng Dong
The Breadwinner,2017,7.7,21423,Comedy,PG-13,Nora Twomey,Saara Chaudry
Happy End,2017,6.7,13522,Comedy,R,Michael Haneke,Isabelle Huppert
Demons,I 2017,4.4,607,Comedy,Not Rated,Miles Doleac,Andrew Divoff
Ittefaq,2017,7.2,10474,Comedy,Not Rated,Abhay Chopra,Sidharth Malhotra
Buddies in India,2017,3.7,282,Comedy,Unrated,Baoqiang Wang,Baoqiang Wang
Son of Bigfoot,2017,6.1,5894,Comedy,PG,Jeremy Degruson,Ben Stassen
The Black Prince,2017,6.6,904,Comedy,PG-13,Kavi Raz,Jason Flemyng
But Deliver Us from Evil,2017,2.8,182,Comedy,Not Rated,Joshua Coates,Eric Roberts
I Do... Until I Don't,2017,4.2,1799,Comedy,R,Lake Bell,Lake Bell
Kings,2017,5.0,3042,Comedy,R,Deniz Gamze Ergüven,Halle Berry
The Endless,I 2017,6.5,35271,Comedy,Not Rated,Justin Benson,Aaron Moorhead
Star Raiders: The Adventures of Saber Raine,2017,3.1,555,Comedy,83 min,Mark Steven Grove,Casper Van Dien
Back to Burgundy,2017,6.9,4183,Comedy,113 min,Cédric Klapisch,Pio Marmaï
The King,II 2017,6.7,1045,Comedy,R,Eugene Jarecki,Elvis Presley
Black Panther,2018,7.3,637759,Action,PG-13,Ryan Coogler,Chadwick Boseman
Avengers: Infinity War,2018,8.4,859726,Action,PG-13,Anthony Russo,Joe Russo
Incredibles 2,2018,7.6,254766,Action,PG,Brad Bird,Craig T. Nelson
Jurassic World: Fallen Kingdom,2018,6.2,270163,Action,PG-13,J.A. Bayona,Chris Pratt
Aquaman,2018,6.9,386531,Action,PG-13,James Wan,Jason Momoa
Deadpool 2,2018,7.7,489396,Action,R,David Leitch,Ryan Reynolds
The Grinch,2018,6.3,56923,Action,PG,Yarrow Cheney,Scott Mosier
Mission: Impossible - Fallout,2018,7.7,295824,Action,PG-13,Christopher McQuarrie,Tom Cruise
Ant-Man and the Wasp,2018,7.0,318790,Action,PG-13,Peyton Reed,Paul Rudd
Bohemian Rhapsody,2018,8.0,460662,Action,PG-13,Bryan Singer,Rami Malek
A Star Is Born,2018,7.6,340623,Action,R,Bradley Cooper,Lady Gaga
Solo: A Star Wars Story,2018,6.9,297827,Action,PG-13,Ron Howard,Alden Ehrenreich
Venom,2018,6.7,367663,Action,PG-13,Ruben Fleischer,Tom Hardy
Ralph Breaks the Internet,2018,7.0,134986,Action,PG,Phil Johnston,Rich Moore
Spider-Man: Into the Spider-Verse,2018,8.4,389412,Action,PG,Bob Persichetti,Peter Ramsey
A Quiet Place,2018,7.5,413917,Action,PG-13,John Krasinski,Emily Blunt
Crazy Rich Asians,2018,6.9,145320,Action,PG-13,Jon M. Chu,Constance Wu
Mary Poppins Returns,2018,6.7,78349,Action,PG,Rob Marshall,Emily Blunt
Hotel Transylvania 3: Summer Vacation,2018,6.3,58998,Action,PG,Genndy Tartakovsky,Adam Sandler
Fantastic Beasts: The Crimes of Grindelwald,2018,6.6,227886,Action,PG-13,David Yates,Eddie Redmayne
Halloween,I 2018,6.5,122681,Action,R,David Gordon Green,Jamie Lee Curtis
The Meg,2018,5.6,153167,Action,PG-13,Jon Turteltaub,Jason Statham
Ocean's Eight,2018,6.9,191073,Action,PG-13,Gary Ross,Sandra Bullock
Ready Player One,2018,7.4,375482,Action,PG-13,Steven Spielberg,Tye Sheridan
Bumblebee,I 2018,6.8,141860,Action,PG-13,Travis Knight,Hailee Steinfeld
Mamma Mia! Here We Go Again,2018,6.6,81864,Action,PG-13,Ol Parker,Lily James
The Nun,2018,5.3,120664,Action,R,Corin Hardy,Demián Bichir
Creed II,2018,7.1,107680,Action,PG-13,Steven Caple Jr.,Michael B. Jordan
Peter Rabbit,2018,6.6,36069,Action,PG,Will Gluck,James Corden
The Mule,2018,7.0,116279,Action,R,Clint Eastwood,Clint Eastwood
The Equalizer 2,2018,6.7,136402,Action,R,Antoine Fuqua,Denzel Washington
Rampage,2018,6.1,146556,Action,PG-13,Brad Peyton,Dwayne Johnson
A Wrinkle in Time,2018,4.2,41660,Action,PG,Ava DuVernay,Storm Reid
Fifty Shades Freed,2018,4.5,57018,Action,R,James Foley,Dakota Johnson
Christopher Robin,2018,7.3,69916,Action,PG,Marc Forster,Ewan McGregor
Green Book,2018,8.2,393477,Action,PG-13,Peter Farrelly,Viggo Mortensen
I Can Only Imagine,2018,7.4,14554,Action,PG,Andrew Erwin,Jon Erwin
Smallfoot,2018,6.6,34791,Action,PG,Karey Kirkpatrick,Jason Reisig
Night School,2018,5.6,36672,Action,PG-13,Malcolm D. Lee,Kevin Hart
The First Purge,2018,5.2,55964,Action,R,Gerard McMurray,Y'lan Noel
Game Night,I 2018,6.9,210386,Action,R,John Francis Daley,Jonathan Goldstein
Book Club,I 2018,6.1,25755,Action,PG-13,Bill Holderman,Diane Keaton
The House with a Clock in Its Walls,2018,6.1,46532,Action,PG,Eli Roth,Jack Black
Skyscraper,2018,5.8,108892,Action,PG-13,Rawson Marshall Thurber,Dwayne Johnson
Insidious: The Last Key,2018,5.7,53365,Action,PG-13,Adam Robitel,Lin Shaye
Instant Family,2018,7.3,91935,Action,PG-13,Sean Anders,Mark Wahlberg
Blockers,2018,6.2,72342,Action,R,Kay Cannon,Leslie Mann
Pacific Rim: Uprising,2018,5.6,107572,Action,PG-13,Steven S. DeKnight,John Boyega
Tomb Raider,2018,6.3,192907,Action,PG-13,Roar Uthaug,Alicia Vikander
Maze Runner: The Death Cure,2018,6.3,116044,Action,PG-13,Wes Ball,Dylan O'Brien
The Nutcracker and the Four Realms,2018,5.6,29855,Adventure,PG,Lasse Hallström,Joe Johnston
Tag,I 2018,6.5,117587,Adventure,R,Jeff Tomsic,Jeremy Renner
A Simple Favor,2018,6.8,131701,Adventure,R,Paul Feig,Anna Kendrick
Life of the Party,I 2018,5.6,34235,Adventure,PG-13,Ben Falcone,Melissa McCarthy
The Predator,2018,5.3,117551,Adventure,R,Shane Black,Boyd Holbrook
Overboard,2018,6.0,34898,Adventure,PG-13,Rob Greenberg,Eugenio Derbez
Sicario: Day of the Soldado,2018,7.1,127755,Adventure,R,Stefano Sollima,Benicio Del Toro
BlacKkKlansman,2018,7.5,228481,Adventure,R,Spike Lee,John David Washington
I Feel Pretty,2018,5.5,49971,Adventure,PG-13,Abby Kohn,Marc Silverstein
Vice,I 2018,7.2,125987,Adventure,R,Adam McKay,Christian Bale
Red Sparrow,2018,6.6,169121,Adventure,R,Francis Lawrence,Jennifer Lawrence
Goosebumps 2: Haunted Halloween,2018,5.6,18267,Adventure,PG,Ari Sandel,Wendi McLendon-Covey
Breaking In,2018,5.5,14508,Adventure,PG-13,James McTeigue,Gabrielle Union
12 Strong,2018,6.6,69233,Adventure,R,Nicolai Fuglsig,Chris Hemsworth
Den of Thieves,2018,7.0,95566,Adventure,R,Christian Gudegast,Gerard Butler
First Man,2018,7.3,171697,Adventure,PG-13,Damien Chazelle,Ryan Gosling
Hereditary,2018,7.3,247205,Adventure,R,Ari Aster,Toni Collette
Acrimony,2018,5.8,8014,Adventure,R,Tyler Perry,Taraji P. Henson
Sherlock Gnomes,2018,5.2,10666,Adventure,PG,John Stevenson,Johnny Depp
Uncle Drew,2018,5.8,12354,Adventure,PG-13,Charles Stone III,Kyrie Irving
Widows,2018,6.9,88802,Adventure,R,Steve McQueen,Viola Davis
Truth or Dare,I 2018,5.2,48966,Adventure,PG-13,Jeff Wadlow,Lucy Hale
"Love, Simon",2018,7.6,100168,Adventure,PG-13,Greg Berlanti,Nick Robinson
Second Act,2018,5.8,23174,Adventure,PG-13,Peter Segal,Jennifer Lopez
The Commuter,I 2018,6.3,104988,Adventure,PG-13,Jaume Collet-Serra,Liam Neeson
The 15:17 to Paris,2018,5.3,29741,Adventure,PG-13,Clint Eastwood,Alek Skarlatos
Mile 22,2018,6.1,69338,Adventure,R,Peter Berg,Mark Wahlberg
Alpha,II 2018,6.7,55988,Adventure,PG-13,Albert Hughes,Kodi Smit-McPhee
Peppermint,2018,6.5,58027,Adventure,R,Pierre Morel,Jennifer Garner
The Favourite,2018,7.5,176105,Adventure,R,Yorgos Lanthimos,Olivia Colman
Death Wish,2018,6.4,64765,Adventure,R,Eli Roth,Bruce Willis
The Spy Who Dumped Me,2018,6.0,69964,Adventure,R,Susanna Fogel,Justin Theroux
Annihilation,2018,6.8,284661,Adventure,R,Alex Garland,Natalie Portman
Isle of Dogs,2018,7.9,142352,Adventure,PG-13,Wes Anderson,Bryan Cranston
Nobody's Fool,2018,4.9,6762,Adventure,R,Tyler Perry,Tiffany Haddish
Adrift,I 2018,6.6,48672,Adventure,PG-13,Baltasar Kormákur,Shailene Woodley
Robin Hood,2018,5.3,65892,Adventure,PG-13,Otto Bathurst,Taron Egerton
Dragon Ball Super: Broly,2018,7.9,23125,Adventure,PG,Tatsuya Nagamine,Masako Nozawa
Super Troopers 2,2018,6.1,24161,Adventure,R,Jay Chandrasekhar,Jay Chandrasekhar
Holmes & Watson,2018,3.9,32217,Adventure,PG-13,Etan Cohen,Will Ferrell
Slender Man,2018,3.2,29351,Adventure,PG-13,Sylvain White,Joey King
The Hate U Give,2018,7.5,31612,Adventure,PG-13,George Tillman Jr.,Amandla Stenberg
Teen Titans GO! To the Movies,2018,6.8,16844,Adventure,PG,Aaron Horvath,Peter Rida Michail
In Like Flynn,2018,5.2,945,Adventure,R,Russell Mulcahy,Thomas Cocquerel
Searching,III 2018,7.6,143310,Adventure,PG-13,Aneesh Chaganty,John Cho
Winchester,2018,5.5,31004,Adventure,PG-13,Michael Spierig,Peter Spierig
On the Basis of Sex,2018,7.1,29298,Adventure,PG-13,Mimi Leder,Felicity Jones
The Strangers: Prey at Night,2018,5.2,27461,Adventure,R,Johannes Roberts,Christina Hendricks
White Boy Rick,2018,6.5,30816,Adventure,R,Yann Demange,Matthew McConaughey
Won't You Be My Neighbor?,2018,8.4,23503,Adventure,PG-13,Morgan Neville,Fred Rogers
Overlord,2018,6.6,87733,Action,R,Julius Avery,Jovan Adepo
Proud Mary,2018,5.0,9014,Action,R,Babak Najafi,Taraji P. Henson
The Happytime Murders,2018,5.4,25096,Action,R,Brian Henson,Melissa McCarthy
SuperFly,2018,5.2,6316,Action,R,Director X.,Trevor Jackson
They Shall Not Grow Old,II 2018,8.3,30037,Action,R,Peter Jackson,Thomas Adlam
Bad Times at the El Royale,2018,7.1,131261,Action,R,Drew Goddard,Jeff Bridges
Show Dogs,2018,3.8,4230,Action,PG,Raja Gosnell,Will Arnett
Operation Finale,2018,6.6,34577,Action,PG-13,Chris Weitz,Oscar Isaac
"Paul, Apostle of Christ",2018,6.7,7462,Action,PG-13,Andrew Hyatt,Jim Caviezel
Free Solo,2018,8.2,55898,Action,PG-13,Jimmy Chin,Elizabeth Chai Vasarhelyi
Summer '03,2018,5.5,2755,Action,Not Rated,Becca Gleason,Joey King
Sorry to Bother You,2018,6.9,66058,Action,R,Boots Riley,LaKeith Stanfield
Mary Queen of Scots,2018,6.3,43310,Action,R,Josie Rourke,Saoirse Ronan
Forever My Girl,2018,6.7,15012,Action,PG,Bethany Ashton Wolf,Alex Roe
Mortal Engines,2018,6.1,112055,Action,PG-13,Christian Rivers,Hera Hilmar
Hunter Killer,2018,6.6,55737,Action,R,Donovan Marsh,Gerard Butler
If Beale Street Could Talk,2018,7.1,43447,Action,R,Barry Jenkins,KiKi Layne
The Girl in the Spider's Web,2018,6.1,42570,Action,R,Fede Alvarez,Claire Foy
The Possession of Hannah Grace,2018,5.2,19749,Action,R,Diederik Van Rooijen,Shay Mitchell
RBG,2018,7.6,12874,Action,PG,Julie Cohen,Betsy West
Eighth Grade,2018,7.4,64430,Action,R,Bo Burnham,Elsie Fisher
The Darkest Minds,2018,5.7,28620,Action,PG-13,Jennifer Yuh Nelson,Amandla Stenberg
Three Identical Strangers,2018,7.6,29246,Action,PG-13,Tim Wardle,Robert Shafran
Upgrade,2018,7.5,162677,Action,R,Leigh Whannell,Logan Marshall-Green
Padmaavat,2018,7.0,27914,Action,Not Rated,Sanjay Leela Bhansali,Deepika Padukone
The Old Man & the Gun,2018,6.7,41100,Action,PG-13,David Lowery,Robert Redford
Hell Fest,2018,5.5,14447,Action,R,Gregory Plotkin,Cynthea Mercado
Welcome to Marwen,2018,6.2,20695,Action,PG-13,Robert Zemeckis,Steve Carell
Greta,2018,6.0,27470,Action,R,Neil Jordan,Isabelle Huppert
The Miracle Season,2018,6.5,4732,Action,PG,Sean McNamara,Helen Hunt
Hotel Mumbai,2018,7.6,54716,Action,R,Anthony Maras,Dev Patel
Midnight Sun,2018,6.6,24734,Action,PG-13,Scott Speer,Bella Thorne
Tully,2018,7.0,53663,Action,R,Jason Reitman,Charlize Theron
Traffik,2018,6.0,18788,Action,R,Deon Taylor,Priscilla Quintana
Can You Ever Forgive Me?,2018,7.1,47628,Action,R,Marielle Heller,Melissa McCarthy
Unfriended: Dark Web,2018,6.0,27833,Action,R,Stephen Susco,Colin Woodell
Early Man,2018,6.1,20156,Action,PG,Nick Park,Eddie Redmayne
Higher Power,2018,4.8,2291,Action,R,Matthew Charles Santoro,Colm Feore
Sanju,2018,7.7,48014,Action,TV-MA,Rajkumar Hirani,Ranbir Kapoor
Unsane,2018,6.4,41369,Action,R,Steven Soderbergh,Claire Foy
We Have Always Lived in the Castle,2018,5.6,5544,Action,Not Rated,Stacie Passon,Taissa Farmiga
Beautiful Boy,I 2018,7.3,56287,Action,R,Felix van Groeningen,Steve Carell
Mid90s,2018,7.4,51313,Action,R,Jonah Hill,Sunny Suljic
The Little Mermaid,2018,4.2,8306,Action,PG,Blake Harris,Chris Bouchard
Dog Days,I 2018,6.2,4251,Action,PG,Ken Marino,Nina Dobrev
Boy Erased,2018,6.9,33397,Action,R,Joel Edgerton,Lucas Hedges
Hotel Artemis,2018,6.1,47555,Action,R,Drew Pearce,Jodie Foster
A-X-L,2018,5.3,10665,Action,PG,Oliver Daly,Alex Neustaedter
Run the Race,2018,6.0,1313,Action,PG,Chris Dowling,Tanner Stine
Fahrenheit 11/9,2018,7.0,18232,Action,R,Michael Moore,Jim Acosta
Unbroken: Path to Redemption,2018,5.8,2598,Biography,PG-13,Harold Cronk,Samuel Hunt
Master Z: The Ip Man Legacy,2018,6.5,7166,Biography,Not Rated,Woo-Ping Yuen,Jin Zhang
The Hurricane Heist,2018,5.1,19263,Biography,PG-13,Rob Cohen,Toby Kebbell
Every Day,2018,6.4,18897,Biography,PG-13,Michael Sucsy,Angourie Rice
Leave No Trace,2018,7.2,52035,Biography,PG,Debra Granik,Thomasin McKenzie
Death of a Nation,2018,4.6,6474,Biography,PG-13,Dinesh D'Souza,Bruce Schooley
My Hero Academia: Two Heroes,2018,7.5,7030,Biography,PG-13,Kenji Nagasaki,Daiki Yamashita
God's Not Dead: A Light in Darkness,2018,4.5,3425,Biography,PG,Michael Mason,Megan Alexander
Kin,I 2018,5.8,15031,Biography,PG-13,Jonathan Baker,Josh Baker
Gloria Bell,2018,6.3,9666,Biography,R,Sebastián Lelio,Julianne Moore
2.0,2018,6.2,21349,Biography,Not Rated,S. Shankar,Rajinikanth
Stan & Ollie,2018,7.2,33500,Biography,PG,Jon S. Baird,Steve Coogan
Colette,I 2018,6.7,20080,Biography,R,Wash Westmoreland,Keira Knightley
Simmba,2018,5.7,14990,Biography,Not Rated,Rohit Shetty,Sam Nagar
Action Point,2018,5.1,10274,Biography,R,Tim Kirkby,Johnny Knoxville
Beirut,2018,6.4,19399,Biography,R,Brad Anderson,Jon Hamm
Gringo,2018,6.1,27342,Biography,R,Nash Edgerton,Joel Edgerton
Samson,2018,4.4,4193,Biography,PG-13,Bruce Macdonald,Gabriel Sabloff
Cold War,2018,7.6,50093,Biography,R,Pawel Pawlikowski,Joanna Kulig
Amazing Grace,2018,7.5,3860,Biography,G,Alan Elliott,Sydney Pollack
Johnny English Strikes Again,2018,6.2,65647,Biography,PG,David Kerr,Rowan Atkinson
The Biggest Little Farm,2018,8.1,5778,Biography,PG,John Chester,John Chester
Gotti,2018,4.8,13967,Biography,R,Kevin Connolly,John Travolta
Blindspotting,2018,7.4,27778,Biography,R,Carlos López Estrada,Daveed Diggs
Brian Banks,2018,7.2,4629,Biography,PG-13,Tom Shadyac,Aldis Hodge
Uri: The Surgical Strike,2018,8.2,44100,Biography,Not Rated,Aditya Dhar,Vicky Kaushal
Ya veremos,2018,5.7,611,Biography,PG-13,Pitipol Ybarra,Mauricio Ochmann
Life Itself,2018,6.9,18021,Biography,R,Dan Fogelman,Oscar Isaac
Replicas,2018,5.5,33212,Biography,PG-13,Jeffrey Nachmanoff,Keanu Reeves
Mr. X,2018 Video,9.0,8,Biography,25 min,Ian Cranston,Kenny Loggins
The Assassin's Code,2018,5.0,1020,Biography,TV-MA,David A. Armstrong,Justin Chatwin
Ben Is Back,2018,6.7,18983,Biography,R,Peter Hedges,Julia Roberts
Gosnell: The Trial of America's Biggest Serial Killer,2018,6.7,4293,Biography,PG-13,Nick Searcy,Janine Turner
Burn the Stage: The Movie,2018,8.8,2592,Biography,84 min,Jun-Soo Park,RM
Bharath Ane Nenu,2018,7.7,15610,Biography,Not Rated,Koratala Siva,Mahesh Babu
Indivisible,II 2018,5.8,1078,Biography,PG-13,David G. Evans,Sarah Drew
Rangasthalam 1985,2018,8.4,19257,Biography,Not Rated,Sukumar,Ram Charan
BTS World Tour: Love Yourself in Seoul,2018,8.9,856,Biography,112 min,BTS,J-Hope
The Oscar Nominated Short Films 2018: Live Action,2018,7.8,195,Biography,R,Max Porter,Kobe Bryant
"Juliet, Naked",2018,6.6,20118,Biography,R,Jesse Peretz,Chris O'Dowd
Bad Samaritan,2018,6.5,19903,Biography,R,Dean Devlin,David Tennant
Echo in the Canyon,2018,6.9,2558,Biography,PG-13,Andrew Slater,Lou Adler
Shoplifters,2018,7.9,64825,Biography,R,Hirokazu Koreeda,Lily Franky
7 Days in Entebbe,2018,5.8,14177,Biography,PG-13,José Padilha,Batsheva Dance Company
The Sisters Brothers,2018,7.0,56110,Biography,R,Jacques Audiard,John C. Reilly
Sgt. Stubby: An American Hero,2018,6.9,1955,Biography,PG,Richard Lanni,Logan Lerman
Whitney,2018,7.3,6791,Biography,R,Kevin Macdonald,Whitney Houston
Maiden,2018,7.7,1868,Biography,PG,Alex Holmes,Frank Bough
Pandas,2018,7.4,571,Biography,G,David Douglas,Drew Fellman
American Animals,2018,7.0,39593,Biography,R,Bart Layton,Spencer Reinhard
God Bless the Broken Road,2018,5.6,912,Drama,PG,Harold Cronk,Matthew Derek Davis
La boda de Valentina,2018,4.8,594,Drama,R,Marco Polo Constandse,Kate Vernon
Everybody Knows,2018,6.9,30008,Drama,R,Asghar Farhadi,Penélope Cruz
Qué León,2018,6.2,314,Drama,PG-13,Frank Perozo,Christine Marzano
Suspiria,I 2018,6.8,63607,Drama,R,Luca Guadagnino,Chloë Grace Moretz
Arctic,2018,6.8,44449,Drama,PG-13,Joe Penna,Mads Mikkelsen
Hearts Beat Loud,2018,6.9,10059,Drama,PG-13,Brett Haley,Nick Offerman
1991,I 2018,7.1,828,Drama,141 min,Ricardo Trogi,Jean-Carl Boucher
At Eternity's Gate,2018,6.9,29250,Drama,PG-13,Julian Schnabel,Willem Dafoe
The Fall of the American Empire,2018,6.8,2766,Drama,R,Denys Arcand,Maxim Roy
Puzzle,II 2018,6.7,7089,Drama,R,Marc Turtletaub,Kelly Macdonald
The Front Runner,2018,6.1,11761,Drama,R,Jason Reitman,Hugh Jackman
Detective Chinatown 2,2018,6.1,1936,Drama,R,Sicheng Chen,Haoran Liu
Assassination Nation,2018,6.0,16136,Drama,R,Sam Levinson,Odessa Young
Racetime,2018,5.6,390,Drama,PG,Benoît Godbout,Jean-François Pouliot
The White Crow,2018,6.6,5388,Drama,R,Ralph Fiennes,Oleg Ivenko
Pope Francis: A Man of His Word,2018,6.3,2066,Drama,PG,Wim Wenders,Pope Francis
Race 3,2018,1.9,34572,Drama,Not Rated,Remo D'Souza,Anil Kapoor
Pad Man,2018,7.9,21731,Drama,PG-13,R. Balki,Akshay Kumar
Capharnaüm,2018,8.4,66286,Drama,R,Nadine Labaki,Zain Al Rafeea
Wild Rose,2018,7.2,11272,Drama,R,Tom Harper,Jessie Buckley
A Private War,2018,6.7,17043,Drama,R,Matthew Heineman,Rosamund Pike
Red Joan,2018,6.4,9878,Drama,R,Trevor Nunn,Judi Dench
Operation Red Sea,2018,6.7,6242,Drama,TV-MA,Dante Lam,Yi Zhang
Destroyer,2018,6.2,25757,Drama,R,Karyn Kusama,Nicole Kidman
Thugs of Hindostan,2018,4.1,17862,Drama,Not Rated,Vijay Krishna Acharya,Aamir Khan
"Don't Worry, He Won't Get Far on Foot",2018,6.9,22757,Drama,R,Gus Van Sant,Joaquin Phoenix
El Chicano,2018,5.4,1142,Drama,R,Ben Hernandez Bray,Logan Arevalo
Little Women,2018,5.2,1115,Drama,PG-13,Clare Niederpruem,Sarah Davenport
Andhadhun,2018,8.3,74144,Drama,Not Rated,Sriram Raghavan,Ayushmann Khurrana
102 Not Out,2018,7.5,6506,Drama,PG,Umesh Shukla,Amitabh Bachchan
First Lady,2018,4.7,177,Drama,96 min,Dennis L. Reed II,Nicole Alexander
Baaghi 2,2018,4.8,9296,Drama,Not Rated,Ahmed Khan,Tiger Shroff
Never Look Away,2018,7.7,17126,Drama,R,Florian Henckel von Donnersmarck,Tom Schilling
Astérix: Le secret de la potion magique,2018,6.7,8387,Drama,87 min,Alexandre Astier,Louis Clichy
McQueen,2018,7.8,6467,Drama,R,Ian Bonhôte,Peter Ettedgui
The Seagull,I 2018,5.7,3161,Drama,PG-13,Michael Mayer,Annette Bening
An Interview with God,2018,5.8,3235,Drama,Unrated,Perry Lang,David Strathairn
High Life,2018,5.8,29830,Drama,R,Claire Denis,Robert Pattinson
Mandy,I 2018,6.5,65737,Drama,Not Rated,Panos Cosmatos,Nicolas Cage
Beautifully Broken,2018,5.7,361,Drama,PG-13,Eric Welch,Benjamin A. Onyango
All Is True,2018,6.2,3608,Drama,PG-13,Kenneth Branagh,Kenneth Branagh
Along With the Gods: The Last 49 Days,2018,7.1,5697,Drama,Not Rated,Yong-hwa Kim,Jung-woo Ha
The Hows of Us,2018,7.3,2525,Drama,117 min,Cathy Garcia-Molina,Kathryn Bernardo
Wildlife,2018,6.8,24940,Drama,PG-13,Paul Dano,Ed Oxenbould
Raid,2018,7.4,15482,Drama,Not Rated,Raj Kumar Gupta,Ajay Devgn
Nothing to Lose,2018,5.4,22893,Drama,PG,Alexandre Avancini,Petrônio Gontijo
Little Italy,2018,5.7,12046,Drama,R,Donald Petrie,Emma Roberts
The Miseducation of Cameron Post,2018,6.6,19036,Drama,Not Rated,Desiree Akhavan,Chloë Grace Moretz
Kedarnath,2018,6.6,10511,Drama,Not Rated,Abhishek Kapoor,Sushant Singh Rajput
Tea With the Dames,2018,7.3,1993,Drama,Unrated,Roger Michell,Maggie Smith
BANDSTAND: The Broadway Musical on Screen,2018,9.2,92,Drama,130 min,Lorenzo Thione,Matt Hoffman
Kona fer í stríð,2018,7.4,8364,Drama,Not Rated,Benedikt Erlingsson,Halldóra Geirharðsdóttir
Like Arrows,2018,6.5,416,Drama,Not Rated,Kevin Peeples,Micah Lynn Hanson
Transit,I 2018,6.9,8672,Drama,Not Rated,Christian Petzold,Franz Rogowski
Mirai,2018,7.0,12883,Drama,PG,Mamoru Hosoda,Rebecca Hall
Climax,I 2018,7.0,54689,Drama,R,Gaspar Noé,Sofia Boutella
Sui Dhaaga: Made in India,2018,6.8,7246,Drama,Not Rated,Sharat Katariya,Anushka Sharma
Pokémon the Movie: The Power of Us,2018,6.3,2113,Drama,Not Rated,Tetsuo Yajima,Sarah Natochenny
Border,2018,7.0,25366,Drama,R,Ali Abbasi,Eva Melander
The Church,I 2018,2.8,136,Drama,PG-13,Dom Frank,Clint Howard
Kasal,2018,7.7,76,Drama,TV-PG,Ruel S. Bayani,Bea Alonzo
How Long Will I Love U,2018,6.4,879,Drama,101 min,Lun Su,Jiayin Lei
The Game Changers,2018,7.9,16693,Drama,86 min,Louie Psihoyos,James Wilks
Vox Lux,2018,5.9,16545,Drama,R,Brady Corbet,Natalie Portman
More Than Blue,2018,6.1,893,Drama,105 min,Gavin Lin,Ivy Yi-Han Chen
Burning,2018,7.5,51449,Drama,Not Rated,Chang-dong Lee,Ah-in Yoo
The Little Stranger,2018,5.5,9005,Drama,R,Lenny Abrahamson,Domhnall Gleeson
The Catcher Was a Spy,2018,6.2,7950,Drama,R,Ben Lewin,Paul Rudd
Monster Hunt 2,2018,5.4,1425,Drama,Not Rated,Raman Hui,Tony Chiu-Wai Leung
Double Lives,2018,6.5,4404,Drama,R,Olivier Assayas,Guillaume Canet
Boundaries,I 2018,5.2,2130,Drama,R,Shana Feste,Vera Farmiga
The Island,2018,6.3,1404,Drama,134 min,Bo Huang,Bo Huang
First Love,2018,5.8,128,Drama,122 min,Paul Soriano,Aga Muhlach
Lizzie,2018,5.8,6481,Drama,R,Craig William Macneill,Chloë Sevigny
You Are Here: A Come From Away Story,2018,8.8,197,Drama,84 min,Moze Mossanen,Beverley Bass
"Love, Gilda",2018,7.4,1385,Drama,Not Rated,Lisa D'Apolito,Andrew Alexander
The Chaperone,2018,6.5,1253,Drama,Not Rated,Michael Engler,Elizabeth McGovern
Bethany Hamilton: Unstoppable,2018,7.4,578,Drama,PG,Aaron Lieber,Alana Blanchard
Exes Baggage,2018,6.7,232,Drama,104 min,Dan Villegas,Angelica Panganiban
The Public,2018,6.6,3455,Drama,PG-13,Emilio Estevez,Alec Baldwin
Husband Material,2018,6.9,7251,Drama,Not Rated,Anurag Kashyap,Taapsee Pannu
A Cool Fish,2018,7.0,1405,Drama,Not Rated,Xiaozhi Rao,Jianbin Chen
Pick of the Litter,2018,7.6,1319,Drama,TV-PG,Don Hardy,Dana Nachman
Shadow,2018,7.0,13178,Drama,Not Rated,Yimou Zhang,Chao Deng
Wild Nights with Emily,2018,6.2,943,Drama,PG-13,Madeleine Olnek,Molly Shannon
Birds of Passage,2018,7.5,10570,Drama,Not Rated,Cristina Gallego,Ciro Guerra
Monsters and Men,2018,5.9,2003,Drama,R,Reinaldo Marcus Green,John David Washington
Long Day's Journey Into Night,2018,7.2,6695,Drama,Not Rated,Bi Gan,Tang Wei
The Spy Gone North,2018,7.3,3787,Drama,Not Rated,Jong-bin Yoon,Jung-min Hwang
The Russian Five,2018,8.2,1073,Drama,Not Rated,Joshua Riehl,Jeff Daniels
The 16th Episode,2018,4.9,1947,Drama,93 min,Jérôme Cohen-Olivar,Aouatefe Lahmani
The Great Battle,2018,7.0,4085,Drama,Not Rated,Kwang-shik Kim,Nam Joo-Hyuk
The Happy Prince,2018,6.2,4694,Drama,R,Rupert Everett,Colin Firth
Tel Aviv on Fire,2018,6.7,1814,Drama,100 min,Sameh Zoabi,Kais Nashif
Teen Spirit,2018,6.1,7763,Drama,PG-13,Max Minghella,Elle Fanning
Jack Em Popoy: The Puliscredibles,2018,6.1,63,Drama,115 min,Michael Tuviera,Vic Sotto
The Cold Blue,2018,7.5,705,Drama,TV-PG,Erik Nelson,V.G. Alexander
Jiang hu er nü,2018,7.0,7974,Drama,Not Rated,Zhangke Jia,Tao Zhao
Avengers: Endgame,2019,8.4,848283,Action,PG-13,Anthony Russo,Joe Russo
The Lion King,2019,6.9,216090,Action,PG,Jon Favreau,Donald Glover
Star Wars: The Rise Of Skywalker,2019,6.6,382920,Action,PG-13,J.J. Abrams,Daisy Ridley
Frozen II,2019,6.9,141197,Action,PG,Chris Buck,Jennifer Lee
Toy Story 4,2019,7.8,208615,Action,G,Josh Cooley,Tom Hanks
Captain Marvel,2019,6.9,460148,Action,PG-13,Anna Boden,Ryan Fleck
Spider-Man: Far from Home,2019,7.5,335793,Action,PG-13,Jon Watts,Tom Holland
Aladdin,2019,6.9,232121,Action,PG,Guy Ritchie,Will Smith
Joker,2019,8.4,973854,Action,R,Todd Phillips,Joaquin Phoenix
Jumanji: The Next Level,2019,6.6,194259,Action,PG-13,Jake Kasdan,Dwayne Johnson
It Chapter Two,2019,6.5,211993,Action,R,Andy Muschietti,Jessica Chastain
Us,II 2019,6.8,235094,Action,R,Jordan Peele,Lupita Nyong'o
Fast & Furious Presents: Hobbs & Shaw,2019,6.4,171589,Action,PG-13,David Leitch,Dwayne Johnson
John Wick: Chapter 3 - Parabellum,2019,7.4,282861,Action,R,Chad Stahelski,Keanu Reeves
Knives Out,2019,7.9,476136,Action,PG-13,Rian Johnson,Daniel Craig
How to Train Your Dragon: The Hidden World,2019,7.5,107262,Action,PG,Dean DeBlois,Jay Baruchel
1917,2019,8.3,447503,Action,R,Sam Mendes,Dean-Charles Chapman
The Secret Life of Pets 2,2019,6.5,51429,Action,PG,Chris Renaud,Jonathan del Val
Pokémon Detective Pikachu,2019,6.6,141018,Action,PG,Rob Letterman,Ryan Reynolds
Once Upon a Time... In Hollywood,2019,7.6,569073,Action,R,Quentin Tarantino,Leonardo DiCaprio
Shazam!,2019,7.0,266933,Action,PG-13,David F. Sandberg,Zachary Levi
Ford v Ferrari,2019,8.1,304258,Action,PG-13,James Mangold,Matt Damon
Dumbo,2019,6.3,67352,Action,PG,Tim Burton,Colin Farrell
Maleficent: Mistress of Evil,2019,6.6,87538,Action,PG,Joachim Rønning,Angelina Jolie
Glass,2019,6.7,211879,Action,PG-13,M. Night Shyamalan,James McAvoy
Godzilla: King of the Monsters,2019,6.0,146119,Action,PG-13,Michael Dougherty,Kyle Chandler
Little Women,2019,7.8,149947,Action,PG,Greta Gerwig,Saoirse Ronan
The Lego Movie 2: The Second Part,2019,6.6,56237,Action,PG,Mike Mitchell,Chris Pratt
The Addams Family,2019,5.8,29525,Action,PG,Greg Tiernan,Conrad Vernon
Downton Abbey,2019,7.4,41049,Action,PG,Michael Engler,Stephen Campbell Moore
Rocketman,I 2019,7.3,142967,Action,R,Dexter Fletcher,Taron Egerton
Alita: Battle Angel,2019,7.3,233020,Action,PG-13,Robert Rodriguez,Rosa Salazar
Hustlers,2019,6.3,85845,Action,R,Lorene Scafaria,Constance Wu
Men in Black: International,2019,5.6,111939,Action,PG-13,F. Gary Gray,Chris Hemsworth
Annabelle Comes Home,2019,5.9,59564,Action,R,Gary Dauberman,Vera Farmiga
Yesterday,III 2019,6.8,118668,Action,PG-13,Danny Boyle,Himesh Patel
Tyler Perry's a Madea Family Funeral,2019,4.5,3851,Action,PG-13,Tyler Perry,Tyler Perry
Good Boys,I 2019,6.7,61901,Action,R,Gene Stupnitsky,Jacob Tremblay
Angel Has Fallen,2019,6.4,81136,Action,R,Ric Roman Waugh,Gerard Butler
X-Men: Dark Phoenix,2019,5.7,160055,Action,PG-13,Simon Kinberg,James McAvoy
Scary Stories to Tell in the Dark,2019,6.2,62771,Action,PG-13,André Øvredal,Zoe Margaret Colletti
Terminator: Dark Fate,2019,6.2,153476,Action,R,Tim Miller,Linda Hamilton
A Beautiful Day in the Neighborhood,2019,7.3,64068,Action,PG,Marielle Heller,Tom Hanks
Abominable,2019,7.0,30295,Action,PG,Jill Culton,Todd Wilderman
Escape Room,I 2019,6.4,90455,Action,PG-13,Adam Robitel,Taylor Russell
Dora and the Lost City of Gold,2019,6.1,24984,Action,PG,James Bobin,Isabela Merced
The Curse of La Llorona,2019,5.3,39336,Action,R,Michael Chaves,Linda Cardellini
Pet Sematary,2019,5.7,83452,Action,R,Kevin Kölsch,Dennis Widmyer
What Men Want,2019,5.3,24485,Action,R,Adam Shankman,Taraji P. Henson
Parasite,2019,8.6,584536,Action,R,Bong Joon Ho,Kang-ho Song
Isn't It Romantic,2019,5.9,63992,Comedy,PG-13,Todd Strauss-Schulson,Rebel Wilson
Five Feet Apart,2019,7.2,46448,Comedy,PG-13,Justin Baldoni,Haley Lu Richardson
Ma,2019,5.6,42033,Comedy,R,Tate Taylor,Octavia Spencer
Wonder Park,2019,5.9,10359,Comedy,PG,Dylan Brown,Sofia Mali
A Dog's Way Home,2019,6.7,15384,Comedy,PG,Charles Martin Smith,Ashley Judd
Breakthrough,2019,6.3,8521,Comedy,PG,Roxann Dawson,Marcel Ruiz
Little,I 2019,5.5,11479,Comedy,PG-13,Tina Gordon,Regina Hall
Crawl,I 2019,6.1,70294,Comedy,R,Alexandre Aja,Kaya Scodelario
The Angry Birds Movie 2,2019,6.4,22114,Comedy,PG,Thurop Van Orman,John Rice
The Intruder,I 2019,5.6,13813,Comedy,PG-13,Deon Taylor,Michael Ealy
The Hustle,I 2019,5.4,49010,Comedy,PG-13,Chris Addison,Anne Hathaway
Ad Astra,2019,6.5,202918,Comedy,PG-13,James Gray,Brad Pitt
Cold Pursuit,2019,6.2,58892,Comedy,R,Hans Petter Moland,Liam Neeson
Long Shot,2019,6.8,97279,Comedy,R,Jonathan Levine,Charlize Theron
Child's Play,2019,5.8,45165,Comedy,R,Lars Klevberg,Tim Matheson
Happy Death Day 2U,2019,6.2,60453,Comedy,PG-13,Christopher Landon,Jessica Rothe
Midsommar,2019,7.1,210262,Comedy,R,Ari Aster,Florence Pugh
Zombieland: Double Tap,2019,6.7,143884,Comedy,R,Ruben Fleischer,Woody Harrelson
Ready or Not,I 2019,6.8,113827,Comedy,R,Matt Bettinelli-Olpin,Tyler Gillett
Overcomer,2019,6.7,3846,Comedy,PG,Alex Kendrick,Alex Kendrick
The Art of Racing in the Rain,2019,7.6,25725,Comedy,PG,Simon Curtis,Kevin Costner
Fighting with My Family,2019,7.1,67961,Comedy,PG-13,Stephen Merchant,Dwayne Johnson
A Dog's Journey,2019,7.5,19936,Comedy,PG,Gail Mancuso,Josh Gad
Booksmart,2019,7.2,96409,Comedy,R,Olivia Wilde,Kaitlyn Dever
Stuber,2019,6.2,41398,Comedy,R,Michael Dowse,Dave Bautista
Hellboy,2019,5.2,79780,Comedy,R,Neil Marshall,David Harbour
Shaft,2019,6.4,45943,Comedy,R,Tim Story,Samuel L. Jackson
47 Meters Down: Uncaged,2019,5.0,21578,Comedy,PG-13,Johannes Roberts,Sophie Nélisse
Gemini Man,2019,5.7,91046,Comedy,PG-13,Ang Lee,Will Smith
UglyDolls,2019,5.0,5905,Comedy,PG,Kelly Asbury,Kelly Clarkson
Unplanned,I 2019,5.8,12781,Comedy,R,Chuck Konzelman,Cary Solomon
Rambo: Last Blood,2019,6.1,84130,Comedy,R,Adrian Grunberg,Sylvester Stallone
Brightburn,2019,6.1,81160,Comedy,R,David Yarovesky,Elizabeth Banks
The Farewell,I 2019,7.6,52819,Comedy,PG,Lulu Wang,Shuzhen Zhao
The Kid Who Would Be King,2019,6.0,14806,Comedy,PG,Joe Cornish,Louis Ashbourne Serkis
Missing Link,2019,6.7,22565,Comedy,PG,Chris Butler,Hugh Jackman
Late Night,2019,6.5,30059,Comedy,R,Nisha Ganatra,Emma Thompson
Miss Bala,2019,5.8,9159,Comedy,PG-13,Catherine Hardwicke,Gina Rodriguez
The Prodigy,2019,5.9,23474,Comedy,R,Nicholas McCarthy,Taylor Schilling
Poms,2019,6.0,4323,Comedy,PG-13,Zara Hayes,Diane Keaton
The Peanut Butter Falcon,2019,7.6,69225,Comedy,PG-13,Tyler Nilson,Michael Schwartz
After,I 2019,5.3,40539,Comedy,PG-13,Jenny Gage,Josephine Langford
The Kitchen,2019,5.5,16456,Comedy,R,Andrea Berloff,Melissa McCarthy
Blinded by the Light,2019,6.9,20427,Comedy,PG-13,Gurinder Chadha,Billy Barratt
The Best of Enemies,2019,7.2,11136,Comedy,PG-13,Robin Bissell,Taraji P. Henson
No Manches Frida 2,2019,4.1,857,Comedy,R,Nacho G. Velilla,Martha Higareda
"Where'd You Go, Bernadette",2019,6.5,17857,Comedy,PG-13,Richard Linklater,Cate Blanchett
Apollo 11,I 2019,8.2,22477,Comedy,G,Todd Douglas Miller,Neil Armstrong
Coconut the Little Dragon 2: Into the Jungle,2019,5.7,91,Comedy,80 min,Anthony Power,Carolin Kebekus
Serenity,2019,5.4,36891,Comedy,R,Steven Knight,Matthew McConaughey
Overlord,2018,6.6,87733,Action,R,Julius Avery,Jovan Adepo
Proud Mary,2018,5.0,9014,Action,R,Babak Najafi,Taraji P. Henson
The Happytime Murders,2018,5.4,25096,Action,R,Brian Henson,Melissa McCarthy
SuperFly,2018,5.2,6316,Action,R,Director X.,Trevor Jackson
They Shall Not Grow Old,II 2018,8.3,30037,Action,R,Peter Jackson,Thomas Adlam
Bad Times at the El Royale,2018,7.1,131261,Action,R,Drew Goddard,Jeff Bridges
Show Dogs,2018,3.8,4230,Action,PG,Raja Gosnell,Will Arnett
Operation Finale,2018,6.6,34577,Action,PG-13,Chris Weitz,Oscar Isaac
"Paul, Apostle of Christ",2018,6.7,7462,Action,PG-13,Andrew Hyatt,Jim Caviezel
Free Solo,2018,8.2,55898,Action,PG-13,Jimmy Chin,Elizabeth Chai Vasarhelyi
Summer '03,2018,5.5,2755,Action,Not Rated,Becca Gleason,Joey King
Sorry to Bother You,2018,6.9,66058,Action,R,Boots Riley,LaKeith Stanfield
Mary Queen of Scots,2018,6.3,43310,Action,R,Josie Rourke,Saoirse Ronan
Forever My Girl,2018,6.7,15012,Action,PG,Bethany Ashton Wolf,Alex Roe
Mortal Engines,2018,6.1,112055,Action,PG-13,Christian Rivers,Hera Hilmar
Hunter Killer,2018,6.6,55737,Action,R,Donovan Marsh,Gerard Butler
If Beale Street Could Talk,2018,7.1,43447,Action,R,Barry Jenkins,KiKi Layne
The Girl in the Spider's Web,2018,6.1,42570,Action,R,Fede Alvarez,Claire Foy
The Possession of Hannah Grace,2018,5.2,19749,Action,R,Diederik Van Rooijen,Shay Mitchell
RBG,2018,7.6,12874,Action,PG,Julie Cohen,Betsy West
Eighth Grade,2018,7.4,64430,Action,R,Bo Burnham,Elsie Fisher
The Darkest Minds,2018,5.7,28620,Action,PG-13,Jennifer Yuh Nelson,Amandla Stenberg
Three Identical Strangers,2018,7.6,29246,Action,PG-13,Tim Wardle,Robert Shafran
Upgrade,2018,7.5,162677,Action,R,Leigh Whannell,Logan Marshall-Green
Padmaavat,2018,7.0,27914,Action,Not Rated,Sanjay Leela Bhansali,Deepika Padukone
The Old Man & the Gun,2018,6.7,41100,Action,PG-13,David Lowery,Robert Redford
Hell Fest,2018,5.5,14447,Action,R,Gregory Plotkin,Cynthea Mercado
Welcome to Marwen,2018,6.2,20695,Action,PG-13,Robert Zemeckis,Steve Carell
Greta,2018,6.0,27470,Action,R,Neil Jordan,Isabelle Huppert
The Miracle Season,2018,6.5,4732,Action,PG,Sean McNamara,Helen Hunt
Hotel Mumbai,2018,7.6,54716,Action,R,Anthony Maras,Dev Patel
Midnight Sun,2018,6.6,24734,Action,PG-13,Scott Speer,Bella Thorne
Tully,2018,7.0,53663,Action,R,Jason Reitman,Charlize Theron
Traffik,2018,6.0,18788,Action,R,Deon Taylor,Priscilla Quintana
Can You Ever Forgive Me?,2018,7.1,47628,Action,R,Marielle Heller,Melissa McCarthy
Unfriended: Dark Web,2018,6.0,27833,Action,R,Stephen Susco,Colin Woodell
Early Man,2018,6.1,20156,Action,PG,Nick Park,Eddie Redmayne
Higher Power,2018,4.8,2291,Action,R,Matthew Charles Santoro,Colm Feore
Sanju,2018,7.7,48014,Action,TV-MA,Rajkumar Hirani,Ranbir Kapoor
Unsane,2018,6.4,41369,Action,R,Steven Soderbergh,Claire Foy
We Have Always Lived in the Castle,2018,5.6,5544,Action,Not Rated,Stacie Passon,Taissa Farmiga
Beautiful Boy,I 2018,7.3,56287,Action,R,Felix van Groeningen,Steve Carell
Mid90s,2018,7.4,51313,Action,R,Jonah Hill,Sunny Suljic
The Little Mermaid,2018,4.2,8306,Action,PG,Blake Harris,Chris Bouchard
Dog Days,I 2018,6.2,4251,Action,PG,Ken Marino,Nina Dobrev
Boy Erased,2018,6.9,33397,Action,R,Joel Edgerton,Lucas Hedges
Hotel Artemis,2018,6.1,47555,Action,R,Drew Pearce,Jodie Foster
A-X-L,2018,5.3,10665,Action,PG,Oliver Daly,Alex Neustaedter
Run the Race,2018,6.0,1313,Action,PG,Chris Dowling,Tanner Stine
Fahrenheit 11/9,2018,7.0,18232,Action,R,Michael Moore,Jim Acosta
Unbroken: Path to Redemption,2018,5.8,2598,Biography,PG-13,Harold Cronk,Samuel Hunt
Master Z: The Ip Man Legacy,2018,6.5,7166,Biography,Not Rated,Woo-Ping Yuen,Jin Zhang
The Hurricane Heist,2018,5.1,19263,Biography,PG-13,Rob Cohen,Toby Kebbell
Every Day,2018,6.4,18897,Biography,PG-13,Michael Sucsy,Angourie Rice
Leave No Trace,2018,7.2,52035,Biography,PG,Debra Granik,Thomasin McKenzie
Death of a Nation,2018,4.6,6474,Biography,PG-13,Dinesh D'Souza,Bruce Schooley
My Hero Academia: Two Heroes,2018,7.5,7030,Biography,PG-13,Kenji Nagasaki,Daiki Yamashita
God's Not Dead: A Light in Darkness,2018,4.5,3425,Biography,PG,Michael Mason,Megan Alexander
Kin,I 2018,5.8,15031,Biography,PG-13,Jonathan Baker,Josh Baker
Gloria Bell,2018,6.3,9666,Biography,R,Sebastián Lelio,Julianne Moore
2.0,2018,6.2,21349,Biography,Not Rated,S. Shankar,Rajinikanth
Stan & Ollie,2018,7.2,33500,Biography,PG,Jon S. Baird,Steve Coogan
Colette,I 2018,6.7,20080,Biography,R,Wash Westmoreland,Keira Knightley
Simmba,2018,5.7,14990,Biography,Not Rated,Rohit Shetty,Sam Nagar
Action Point,2018,5.1,10274,Biography,R,Tim Kirkby,Johnny Knoxville
Beirut,2018,6.4,19399,Biography,R,Brad Anderson,Jon Hamm
Gringo,2018,6.1,27342,Biography,R,Nash Edgerton,Joel Edgerton
Samson,2018,4.4,4193,Biography,PG-13,Bruce Macdonald,Gabriel Sabloff
Cold War,2018,7.6,50093,Biography,R,Pawel Pawlikowski,Joanna Kulig
Amazing Grace,2018,7.5,3860,Biography,G,Alan Elliott,Sydney Pollack
Johnny English Strikes Again,2018,6.2,65647,Biography,PG,David Kerr,Rowan Atkinson
The Biggest Little Farm,2018,8.1,5778,Biography,PG,John Chester,John Chester
Gotti,2018,4.8,13967,Biography,R,Kevin Connolly,John Travolta
Blindspotting,2018,7.4,27778,Biography,R,Carlos López Estrada,Daveed Diggs
Brian Banks,2018,7.2,4629,Biography,PG-13,Tom Shadyac,Aldis Hodge
Uri: The Surgical Strike,2018,8.2,44100,Biography,Not Rated,Aditya Dhar,Vicky Kaushal
Ya veremos,2018,5.7,611,Biography,PG-13,Pitipol Ybarra,Mauricio Ochmann
Life Itself,2018,6.9,18021,Biography,R,Dan Fogelman,Oscar Isaac
Replicas,2018,5.5,33212,Biography,PG-13,Jeffrey Nachmanoff,Keanu Reeves
Mr. X,2018 Video,9.0,8,Biography,25 min,Ian Cranston,Kenny Loggins
The Assassin's Code,2018,5.0,1020,Biography,TV-MA,David A. Armstrong,Justin Chatwin
Ben Is Back,2018,6.7,18983,Biography,R,Peter Hedges,Julia Roberts
Gosnell: The Trial of America's Biggest Serial Killer,2018,6.7,4293,Biography,PG-13,Nick Searcy,Janine Turner
Burn the Stage: The Movie,2018,8.8,2592,Biography,84 min,Jun-Soo Park,RM
Bharath Ane Nenu,2018,7.7,15610,Biography,Not Rated,Koratala Siva,Mahesh Babu
Indivisible,II 2018,5.8,1078,Biography,PG-13,David G. Evans,Sarah Drew
Rangasthalam 1985,2018,8.4,19257,Biography,Not Rated,Sukumar,Ram Charan
BTS World Tour: Love Yourself in Seoul,2018,8.9,856,Biography,112 min,BTS,J-Hope
The Oscar Nominated Short Films 2018: Live Action,2018,7.8,195,Biography,R,Max Porter,Kobe Bryant
"Juliet, Naked",2018,6.6,20118,Biography,R,Jesse Peretz,Chris O'Dowd
Bad Samaritan,2018,6.5,19903,Biography,R,Dean Devlin,David Tennant
Echo in the Canyon,2018,6.9,2558,Biography,PG-13,Andrew Slater,Lou Adler
Shoplifters,2018,7.9,64825,Biography,R,Hirokazu Koreeda,Lily Franky
7 Days in Entebbe,2018,5.8,14177,Biography,PG-13,José Padilha,Batsheva Dance Company
The Sisters Brothers,2018,7.0,56110,Biography,R,Jacques Audiard,John C. Reilly
Sgt. Stubby: An American Hero,2018,6.9,1955,Biography,PG,Richard Lanni,Logan Lerman
Whitney,2018,7.3,6791,Biography,R,Kevin Macdonald,Whitney Houston
Maiden,2018,7.7,1868,Biography,PG,Alex Holmes,Frank Bough
Pandas,2018,7.4,571,Biography,G,David Douglas,Drew Fellman
American Animals,2018,7.0,39593,Biography,R,Bart Layton,Spencer Reinhard
God Bless the Broken Road,2018,5.6,912,Drama,PG,Harold Cronk,Matthew Derek Davis
La boda de Valentina,2018,4.8,594,Drama,R,Marco Polo Constandse,Kate Vernon
Everybody Knows,2018,6.9,30008,Drama,R,Asghar Farhadi,Penélope Cruz
Qué León,2018,6.2,314,Drama,PG-13,Frank Perozo,Christine Marzano
Suspiria,I 2018,6.8,63607,Drama,R,Luca Guadagnino,Chloë Grace Moretz
Arctic,2018,6.8,44449,Drama,PG-13,Joe Penna,Mads Mikkelsen
Hearts Beat Loud,2018,6.9,10059,Drama,PG-13,Brett Haley,Nick Offerman
1991,I 2018,7.1,828,Drama,141 min,Ricardo Trogi,Jean-Carl Boucher
At Eternity's Gate,2018,6.9,29250,Drama,PG-13,Julian Schnabel,Willem Dafoe
The Fall of the American Empire,2018,6.8,2766,Drama,R,Denys Arcand,Maxim Roy
Puzzle,II 2018,6.7,7089,Drama,R,Marc Turtletaub,Kelly Macdonald
The Front Runner,2018,6.1,11761,Drama,R,Jason Reitman,Hugh Jackman
Detective Chinatown 2,2018,6.1,1936,Drama,R,Sicheng Chen,Haoran Liu
Assassination Nation,2018,6.0,16136,Drama,R,Sam Levinson,Odessa Young
Racetime,2018,5.6,390,Drama,PG,Benoît Godbout,Jean-François Pouliot
The White Crow,2018,6.6,5388,Drama,R,Ralph Fiennes,Oleg Ivenko
Pope Francis: A Man of His Word,2018,6.3,2066,Drama,PG,Wim Wenders,Pope Francis
Race 3,2018,1.9,34572,Drama,Not Rated,Remo D'Souza,Anil Kapoor
Pad Man,2018,7.9,21731,Drama,PG-13,R. Balki,Akshay Kumar
Capharnaüm,2018,8.4,66286,Drama,R,Nadine Labaki,Zain Al Rafeea
Wild Rose,2018,7.2,11272,Drama,R,Tom Harper,Jessie Buckley
A Private War,2018,6.7,17043,Drama,R,Matthew Heineman,Rosamund Pike
Red Joan,2018,6.4,9878,Drama,R,Trevor Nunn,Judi Dench
Operation Red Sea,2018,6.7,6242,Drama,TV-MA,Dante Lam,Yi Zhang
Destroyer,2018,6.2,25757,Drama,R,Karyn Kusama,Nicole Kidman
Thugs of Hindostan,2018,4.1,17862,Drama,Not Rated,Vijay Krishna Acharya,Aamir Khan
"Don't Worry, He Won't Get Far on Foot",2018,6.9,22757,Drama,R,Gus Van Sant,Joaquin Phoenix
El Chicano,2018,5.4,1142,Drama,R,Ben Hernandez Bray,Logan Arevalo
Little Women,2018,5.2,1115,Drama,PG-13,Clare Niederpruem,Sarah Davenport
Andhadhun,2018,8.3,74144,Drama,Not Rated,Sriram Raghavan,Ayushmann Khurrana
102 Not Out,2018,7.5,6506,Drama,PG,Umesh Shukla,Amitabh Bachchan
First Lady,2018,4.7,177,Drama,96 min,Dennis L. Reed II,Nicole Alexander
Baaghi 2,2018,4.8,9296,Drama,Not Rated,Ahmed Khan,Tiger Shroff
Never Look Away,2018,7.7,17126,Drama,R,Florian Henckel von Donnersmarck,Tom Schilling
Astérix: Le secret de la potion magique,2018,6.7,8387,Drama,87 min,Alexandre Astier,Louis Clichy
McQueen,2018,7.8,6467,Drama,R,Ian Bonhôte,Peter Ettedgui
The Seagull,I 2018,5.7,3161,Drama,PG-13,Michael Mayer,Annette Bening
An Interview with God,2018,5.8,3235,Drama,Unrated,Perry Lang,David Strathairn
High Life,2018,5.8,29830,Drama,R,Claire Denis,Robert Pattinson
Mandy,I 2018,6.5,65737,Drama,Not Rated,Panos Cosmatos,Nicolas Cage
Beautifully Broken,2018,5.7,361,Drama,PG-13,Eric Welch,Benjamin A. Onyango
All Is True,2018,6.2,3608,Drama,PG-13,Kenneth Branagh,Kenneth Branagh
Along With the Gods: The Last 49 Days,2018,7.1,5697,Drama,Not Rated,Yong-hwa Kim,Jung-woo Ha
The Hows of Us,2018,7.3,2525,Drama,117 min,Cathy Garcia-Molina,Kathryn Bernardo
Wildlife,2018,6.8,24940,Drama,PG-13,Paul Dano,Ed Oxenbould
Raid,2018,7.4,15482,Drama,Not Rated,Raj Kumar Gupta,Ajay Devgn
Nothing to Lose,2018,5.4,22893,Drama,PG,Alexandre Avancini,Petrônio Gontijo
Little Italy,2018,5.7,12046,Drama,R,Donald Petrie,Emma Roberts
The Miseducation of Cameron Post,2018,6.6,19036,Drama,Not Rated,Desiree Akhavan,Chloë Grace Moretz
Kedarnath,2018,6.6,10511,Drama,Not Rated,Abhishek Kapoor,Sushant Singh Rajput
Tea With the Dames,2018,7.3,1993,Drama,Unrated,Roger Michell,Maggie Smith
BANDSTAND: The Broadway Musical on Screen,2018,9.2,92,Drama,130 min,Lorenzo Thione,Matt Hoffman
Kona fer í stríð,2018,7.4,8364,Drama,Not Rated,Benedikt Erlingsson,Halldóra Geirharðsdóttir
Like Arrows,2018,6.5,416,Drama,Not Rated,Kevin Peeples,Micah Lynn Hanson
Transit,I 2018,6.9,8672,Drama,Not Rated,Christian Petzold,Franz Rogowski
Mirai,2018,7.0,12883,Drama,PG,Mamoru Hosoda,Rebecca Hall
Climax,I 2018,7.0,54689,Drama,R,Gaspar Noé,Sofia Boutella
Sui Dhaaga: Made in India,2018,6.8,7246,Drama,Not Rated,Sharat Katariya,Anushka Sharma
Pokémon the Movie: The Power of Us,2018,6.3,2113,Drama,Not Rated,Tetsuo Yajima,Sarah Natochenny
Border,2018,7.0,25366,Drama,R,Ali Abbasi,Eva Melander
The Church,I 2018,2.8,136,Drama,PG-13,Dom Frank,Clint Howard
Kasal,2018,7.7,76,Drama,TV-PG,Ruel S. Bayani,Bea Alonzo
How Long Will I Love U,2018,6.4,879,Drama,101 min,Lun Su,Jiayin Lei
The Game Changers,2018,7.9,16693,Drama,86 min,Louie Psihoyos,James Wilks
Vox Lux,2018,5.9,16545,Drama,R,Brady Corbet,Natalie Portman
More Than Blue,2018,6.1,893,Drama,105 min,Gavin Lin,Ivy Yi-Han Chen
Burning,2018,7.5,51449,Drama,Not Rated,Chang-dong Lee,Ah-in Yoo
The Little Stranger,2018,5.5,9005,Drama,R,Lenny Abrahamson,Domhnall Gleeson
The Catcher Was a Spy,2018,6.2,7950,Drama,R,Ben Lewin,Paul Rudd
Monster Hunt 2,2018,5.4,1425,Drama,Not Rated,Raman Hui,Tony Chiu-Wai Leung
Double Lives,2018,6.5,4404,Drama,R,Olivier Assayas,Guillaume Canet
Boundaries,I 2018,5.2,2130,Drama,R,Shana Feste,Vera Farmiga
The Island,2018,6.3,1404,Drama,134 min,Bo Huang,Bo Huang
First Love,2018,5.8,128,Drama,122 min,Paul Soriano,Aga Muhlach
Lizzie,2018,5.8,6481,Drama,R,Craig William Macneill,Chloë Sevigny
You Are Here: A Come From Away Story,2018,8.8,197,Drama,84 min,Moze Mossanen,Beverley Bass
"Love, Gilda",2018,7.4,1385,Drama,Not Rated,Lisa D'Apolito,Andrew Alexander
The Chaperone,2018,6.5,1253,Drama,Not Rated,Michael Engler,Elizabeth McGovern
Bethany Hamilton: Unstoppable,2018,7.4,578,Drama,PG,Aaron Lieber,Alana Blanchard
Exes Baggage,2018,6.7,232,Drama,104 min,Dan Villegas,Angelica Panganiban
The Public,2018,6.6,3455,Drama,PG-13,Emilio Estevez,Alec Baldwin
Husband Material,2018,6.9,7251,Drama,Not Rated,Anurag Kashyap,Taapsee Pannu
A Cool Fish,2018,7.0,1405,Drama,Not Rated,Xiaozhi Rao,Jianbin Chen
Pick of the Litter,2018,7.6,1319,Drama,TV-PG,Don Hardy,Dana Nachman
Shadow,2018,7.0,13178,Drama,Not Rated,Yimou Zhang,Chao Deng
Wild Nights with Emily,2018,6.2,943,Drama,PG-13,Madeleine Olnek,Molly Shannon
Birds of Passage,2018,7.5,10570,Drama,Not Rated,Cristina Gallego,Ciro Guerra
Monsters and Men,2018,5.9,2003,Drama,R,Reinaldo Marcus Green,John David Washington
Long Day's Journey Into Night,2018,7.2,6695,Drama,Not Rated,Bi Gan,Tang Wei
The Spy Gone North,2018,7.3,3787,Drama,Not Rated,Jong-bin Yoon,Jung-min Hwang
The Russian Five,2018,8.2,1073,Drama,Not Rated,Joshua Riehl,Jeff Daniels
The 16th Episode,2018,4.9,1947,Drama,93 min,Jérôme Cohen-Olivar,Aouatefe Lahmani
The Great Battle,2018,7.0,4085,Drama,Not Rated,Kwang-shik Kim,Nam Joo-Hyuk
The Happy Prince,2018,6.2,4694,Drama,R,Rupert Everett,Colin Firth
Tel Aviv on Fire,2018,6.7,1814,Drama,100 min,Sameh Zoabi,Kais Nashif
Teen Spirit,2018,6.1,7763,Drama,PG-13,Max Minghella,Elle Fanning
Jack Em Popoy: The Puliscredibles,2018,6.1,63,Drama,115 min,Michael Tuviera,Vic Sotto
The Cold Blue,2018,7.5,705,Drama,TV-PG,Erik Nelson,V.G. Alexander
Jiang hu er nü,2018,7.0,7974,Drama,Not Rated,Zhangke Jia,Tao Zhao
Bad Boys for Life,2020,6.6,134229,Action,R,Adil El Arbi,Bilall Fallah
Sonic the Hedgehog,2020,6.5,94578,Action,PG,Jeff Fowler,Ben Schwartz
Birds of Prey,2020,6.1,177422,Action,R,Cathy Yan,Margot Robbie
Dolittle,2020,5.6,50370,Action,PG,Stephen Gaghan,Robert Downey Jr.
The Invisible Man,I 2020,7.1,175083,Action,R,Leigh Whannell,Elisabeth Moss
The Call of the Wild,2020,6.8,40231,Action,PG,Chris Sanders,Harrison Ford
Onward,I 2020,7.4,108158,Action,PG,Dan Scanlon,Tom Holland
Tenet,2020,7.5,322232,Action,PG-13,Christopher Nolan,John David Washington
Star Trek First Frontier,2020,5.6,152,Action,85 min,Kenneth Smith,Robert Pralgo
The Eight Hundred,2020,7.0,2835,Action,Not Rated,Hu Guan,Zhi-zhong Huang
Legend of Deification,2020,6.5,999,Action,TV-PG,Teng Cheng,Li Wei
Tulsa,2020,5.0,271,Action,PG-13,Scott Pryor,Gloria Stella
Leap,2020,6.7,800,Action,135 min,Peter Ho-Sun Chan,Gong Li
Saving Mbango,2020,5.6,28,Action,"
Drama            ",Nkanya Nkwai,AjibiLiviana
Black Wall Street Burning,2020,6.7,20,Action,R,Marcus Brown,Dekoven Riggins
Aloha Surf Hotel,2020,7.4,11,Action,90 min,Stefan C. Schaefer,Fairai Richmond
Unsubscribe,I 2020,5.0,153,Action,30 min,Christian Nilsson,Charlie Tahan
Freak Power: The Ballot or the Bomb,2020,9.7,64,Action,R,Ajax Phillips,Daniel Joseph Watkins
Dream Round,2020,4.7,36,Action,90 min,Dusty Dukatz,Michael Saquella
I Am Fear,2020,3.4,421,Action,Not Rated,Kevin Shulman,Kristina Klebe
Love Song,2020 TV Movie,6.3,669,Action,TV-G,Bradley Walsh,Jessy Schram
Too Close For Christmas,2020 TV Movie,6.5,448,Action,G,Ernie Barbarash,Chad Michael Murray
The Quarry,2020,5.3,2145,Action,R,Scott Teems,Shea Whigham
Parallel Policy,2020,4.6,5,Action,"
Documentary            ",Shaune Bordere,Donald Trump
Tee em el,2020,5.7,7,Action,102 min,Pereko Mosia,Siyabonga Mabaso
Coven,2020,6.3,2631,Action,TV-MA,Pablo Agüero,Amaia Aberasturi
Il talento del calabrone,2020,5.7,990,Action,84 min,Giacomo Cimini,Sergio Castellitto
Safeguard,2020,3.4,140,Action,90 min,Fraser Precious,Patrick Gallagher
No Gogó do Paulinho,2020,5.4,155,Action,98 min,Roberto Santucci,Maurício Manfrini
 Warrior Nun,2020– ,7.2,994,Action,TV-MA,Jet Wilkinson,Alba Baptista
 SOKO Leipzig,2001– ,8.6,7,Action,44 min,Franziska Jahn,Marco Girnth
 SOKO Leipzig,2001– ,8.2,5,Action,44 min,Patrick Winczewski,Marco Girnth
Ivy & Mistletoe,2020 TV Movie,5.5,37,Action,"
Family, Romance            ",Candice T. Cain,Cynthia Gibb
De beentjes van Sint-Hildegard,2020,7.7,1156,Action,103 min,Johan Nijenhuis,Herman Finkers
Isn't It Romantic,2019,5.9,63992,Comedy,PG-13,Todd Strauss-Schulson,Rebel Wilson
Five Feet Apart,2019,7.2,46448,Comedy,PG-13,Justin Baldoni,Haley Lu Richardson
Ma,2019,5.6,42033,Comedy,R,Tate Taylor,Octavia Spencer
Wonder Park,2019,5.9,10359,Comedy,PG,Dylan Brown,Sofia Mali
A Dog's Way Home,2019,6.7,15384,Comedy,PG,Charles Martin Smith,Ashley Judd
Breakthrough,2019,6.3,8521,Comedy,PG,Roxann Dawson,Marcel Ruiz
Little,I 2019,5.5,11479,Comedy,PG-13,Tina Gordon,Regina Hall
Crawl,I 2019,6.1,70294,Comedy,R,Alexandre Aja,Kaya Scodelario
The Angry Birds Movie 2,2019,6.4,22114,Comedy,PG,Thurop Van Orman,John Rice
The Intruder,I 2019,5.6,13813,Comedy,PG-13,Deon Taylor,Michael Ealy
The Hustle,I 2019,5.4,49010,Comedy,PG-13,Chris Addison,Anne Hathaway
Ad Astra,2019,6.5,202918,Comedy,PG-13,James Gray,Brad Pitt
Cold Pursuit,2019,6.2,58892,Comedy,R,Hans Petter Moland,Liam Neeson
Long Shot,2019,6.8,97279,Comedy,R,Jonathan Levine,Charlize Theron
Child's Play,2019,5.8,45165,Comedy,R,Lars Klevberg,Tim Matheson
Happy Death Day 2U,2019,6.2,60453,Comedy,PG-13,Christopher Landon,Jessica Rothe
Midsommar,2019,7.1,210262,Comedy,R,Ari Aster,Florence Pugh
Zombieland: Double Tap,2019,6.7,143884,Comedy,R,Ruben Fleischer,Woody Harrelson
Ready or Not,I 2019,6.8,113827,Comedy,R,Matt Bettinelli-Olpin,Tyler Gillett
Overcomer,2019,6.7,3846,Comedy,PG,Alex Kendrick,Alex Kendrick
The Art of Racing in the Rain,2019,7.6,25725,Comedy,PG,Simon Curtis,Kevin Costner
Fighting with My Family,2019,7.1,67961,Comedy,PG-13,Stephen Merchant,Dwayne Johnson
A Dog's Journey,2019,7.5,19936,Comedy,PG,Gail Mancuso,Josh Gad
Booksmart,2019,7.2,96409,Comedy,R,Olivia Wilde,Kaitlyn Dever
Stuber,2019,6.2,41398,Comedy,R,Michael Dowse,Dave Bautista
Hellboy,2019,5.2,79780,Comedy,R,Neil Marshall,David Harbour
Shaft,2019,6.4,45943,Comedy,R,Tim Story,Samuel L. Jackson
47 Meters Down: Uncaged,2019,5.0,21578,Comedy,PG-13,Johannes Roberts,Sophie Nélisse
Gemini Man,2019,5.7,91046,Comedy,PG-13,Ang Lee,Will Smith
UglyDolls,2019,5.0,5905,Comedy,PG,Kelly Asbury,Kelly Clarkson
Unplanned,I 2019,5.8,12781,Comedy,R,Chuck Konzelman,Cary Solomon
Rambo: Last Blood,2019,6.1,84130,Comedy,R,Adrian Grunberg,Sylvester Stallone
Brightburn,2019,6.1,81160,Comedy,R,David Yarovesky,Elizabeth Banks
The Farewell,I 2019,7.6,52819,Comedy,PG,Lulu Wang,Shuzhen Zhao
The Kid Who Would Be King,2019,6.0,14806,Comedy,PG,Joe Cornish,Louis Ashbourne Serkis
Missing Link,2019,6.7,22565,Comedy,PG,Chris Butler,Hugh Jackman
Late Night,2019,6.5,30059,Comedy,R,Nisha Ganatra,Emma Thompson
Miss Bala,2019,5.8,9159,Comedy,PG-13,Catherine Hardwicke,Gina Rodriguez
The Prodigy,2019,5.9,23474,Comedy,R,Nicholas McCarthy,Taylor Schilling
Poms,2019,6.0,4323,Comedy,PG-13,Zara Hayes,Diane Keaton
The Peanut Butter Falcon,2019,7.6,69225,Comedy,PG-13,Tyler Nilson,Michael Schwartz
After,I 2019,5.3,40539,Comedy,PG-13,Jenny Gage,Josephine Langford
The Kitchen,2019,5.5,16456,Comedy,R,Andrea Berloff,Melissa McCarthy
Blinded by the Light,2019,6.9,20427,Comedy,PG-13,Gurinder Chadha,Billy Barratt
The Best of Enemies,2019,7.2,11136,Comedy,PG-13,Robin Bissell,Taraji P. Henson
No Manches Frida 2,2019,4.1,857,Comedy,R,Nacho G. Velilla,Martha Higareda
"Where'd You Go, Bernadette",2019,6.5,17857,Comedy,PG-13,Richard Linklater,Cate Blanchett
Apollo 11,I 2019,8.2,22477,Comedy,G,Todd Douglas Miller,Neil Armstrong
Coconut the Little Dragon 2: Into the Jungle,2019,5.7,91,Comedy,80 min,Anthony Power,Carolin Kebekus
Serenity,2019,5.4,36891,Comedy,R,Steven Knight,Matthew McConaughey
 Rebecka Martinsson,2017– ,6.3,118,Crime,Not Rated,Fredrik Edfeldt,Sascha Zacharias
Rosa pietra stella,2020,5.4,33,Crime,94 min,Marcello Sannino,Ivana Lotito
 Vera,2011– ,7.8,256,Crime,TV-PG,Paul Gay,Brenda Blethyn
Étouffés,2020,5.6,5,Crime,"
Short, Drama            ",Ely Chevillot,Alexandre von Sivers
 30 Coins,2020– ,7.9,576,Crime,TV-MA,Álex de la Iglesia,Eduard Fernández
 Tatort,1970– ,7.2,211,Crime,90 min,Torsten C. Fischer,Jörg Hartmann
Baby Done,2020,6.1,549,Crime,91 min,Curtis Vowell,Rose Matafeo
Felicità,2020,6.7,597,Crime,81 min,Bruno Merle,Pio Marmaï
Min pappa Marianne,2020,7.0,1024,Crime,110 min,Mårten Klingberg,Hedda Stiernstedt
Bright Hill Road,2020,4.3,119,Crime,91 min,Robert Cuffley,Siobhan Williams
I Care a Lot,2020,6.3,80963,Crime,R,J Blakeson,Rosamund Pike
Doppelbänger,2020,7.0,20,Crime,"
Short, Sci-Fi            ",Sofian Khan,Gibson Frazier
Aladdin,2020,4.9,15,Crime,104 min,Vitaliy Versace,Natasha Alam
Mogul Mowgli,2020,6.7,1250,Crime,89 min,Bassam Tariq,Riz Ahmed
Nasir,2020,7.1,271,Crime,85 min,Arun Karthick,Valavane Koumarane
The Trouble with Maggie Cole,2020– ,6.4,677,Crime,TV-PG,Mark Heap,Dawn French
David vs Goliath,2020 TV Movie,6.8,43,Crime,"
Documentary            ",Colin Offland,Joe Beevers
Bulletproof 2,2020,3.6,453,Crime,Not Rated,Don Michael Paul,Faizon Love
 Hollands Hoop,2014–2020,8.1,26,Crime,"
Crime            ",Marcel Hensema,Kim van Kooten
Dream Horse,2020,6.0,158,Crime,PG,Euros Lyn,Joanna Page
Tribes,2020,7.4,35,Crime,11 min,Nino Aldi,Jason Stuart
Nahuel y el Libro Mágico,2020,7.4,29,Crime,98 min,German Acuña,Consuelo Pizarro
 Cardinal,2017–2020,8.1,137,Crime,TV-MA,Nathan Morlando,Billy Campbell
 Cardinal,2017–2020,8.2,139,Crime,TV-MA,Nathan Morlando,Billy Campbell
 Cardinal,2017–2020,8.1,172,Crime,TV-MA,Nathan Morlando,Billy Campbell
 Cardinal,2017–2020,8.1,144,Crime,TV-MA,Nathan Morlando,Billy Campbell
 Cardinal,2017–2020,8.0,152,Crime,TV-MA,Nathan Morlando,Billy Campbell
Lemon World,2020,6.9,7,Crime,"
Short            ",Kasper Møller Rask,Mathias Bøgelund
 Endeavour,2012– ,8.1,619,Crime,TV-14,Shaun Evans,Shaun Evans
 Star Trek: Discovery,2017– ,7.2,3864,Crime,TV-MA,Olatunde Osunsanmi,Sonequa Martin-Green
 Man Like Mobeen,2017– ,7.9,27,Crime,TV-MA,Ollie Parsons,Guz Khan
Malang,2020,6.5,8481,Crime,Not Rated,Mohit Suri,Aditya Roy Kapoor
Caught in Time,2020,6.2,330,Crime,95 min,Ho-Leung Lau,Qianyuan Wang
Little Chief,2020,6.9,36,Crime,12 min,Erica Tremblay,Julian Ballentyne
Halahal,2020,7.1,1321,Crime,97 min,Randeep Jha,Barun Sobti
Flesh,2020,5.0,6039,Crime,Not Rated,Swara Bhaskar,Mahima Makwana
Unwitting Deceit,2020,4.0,9,Crime,72 min,Nelson J. Davis,Nelson J. Davis
HaLayla Hazé,2020,6.0,6,Crime,85 min,Nadav Schirman,Efrat Boimold
The Strings,2020,5.8,25,Crime,"
Horror, Musical, Thriller            ",Ryan Glover,Teagan Johnston
Second Hand,2020,5.1,8,Crime,"
Short, Drama            ",Navjot Gulati,Abhishek Banerjee
 Medical Police,2020– ,7.3,92,Crime,TV-MA,David Wain,Erinn Hayes
 Medical Police,2020– ,7.0,92,Crime,TV-MA,David Wain,Erinn Hayes
 Medical Police,2020– ,7.1,92,Crime,TV-MA,Bill Benz,Erinn Hayes
 Medical Police,2020– ,7.2,93,Crime,TV-MA,Bill Benz,Erinn Hayes
 Medical Police,2020– ,7.0,94,Crime,TV-MA,Bill Benz,Erinn Hayes
 Medical Police,2020– ,7.1,105,Crime,TV-MA,David Wain,Erinn Hayes
 Medical Police,2020– ,6.8,115,Crime,TV-MA,Bill Benz,Erinn Hayes
 Medical Police,2020– ,6.8,154,Crime,TV-MA,David Wain,Erinn Hayes
 Medical Police,2020– ,6.4,213,Crime,TV-MA,David Wain,Erinn Hayes
Wild Karnataka,2020,8.8,500,Crime,53 min,Amoghavarsha,Kalyan Varma
Holidate,2020,6.1,47241,Crime,TV-MA,John Whitesell,Emma Roberts
 Medical Police,2020– ,6.6,129,Crime,TV-MA,Bill Benz,Erinn Hayes
 The Baker and the Beauty,2020,8.0,203,Crime,TV-PG,David Frankel,Victor Rasuk
 The Baby-Sitters Club,2020– ,7.3,77,Crime,TV-PG,Luke Matheny,Sophie Grace
 The Baby-Sitters Club,2020– ,7.4,79,Crime,TV-PG,Luke Matheny,Sophie Grace
 The Baby-Sitters Club,2020– ,7.9,95,Crime,TV-PG,Kimmy Gatewood,Sophie Grace
 The Baby-Sitters Club,2020– ,7.2,92,Crime,TV-PG,Linda Mendoza,Sophie Grace
 The Baby-Sitters Club,2020– ,8.4,109,Crime,TV-PG,Linda Mendoza,Sophie Grace
 The Baby-Sitters Club,2020– ,8.1,107,Crime,TV-PG,Heather Jack,Sophie Grace
 The Baby-Sitters Club,2020– ,7.0,184,Crime,TV-PG,Lucia Aniello,Sophie Grace
 The Baby-Sitters Club,2020– ,8.0,123,Crime,TV-PG,Andrew DeYoung,Sophie Grace
 The Baby-Sitters Club,2020– ,7.8,127,Crime,TV-PG,Lucia Aniello,Sophie Grace
 The Baby-Sitters Club,2020– ,7.7,149,Comedy,TV-PG,Lucia Aniello,Sophie Grace
 The Hollow,2018–2020,7.0,58,Comedy,TV-Y7-FV,Greg Sullivan,Ashleigh Ball
Una Chica Invisible,2020,6.8,39,Comedy,80 min,Francisco Bendomir,Andrea Carballo
 Death in Paradise,2011– ,7.3,295,Comedy,TV-PG,Ian Barber,Shyko Amos
Boutchou,2020,4.2,79,Comedy,78 min,Adrien Piquet-Gauthier,Carole Bouquet
 Outmatched,2020,6.3,190,Comedy,TV-14,Jonathan Judge,Jason Biggs
The First Team,2020– ,6.1,688,Comedy,30 min,Jake Short,Shaquille Ali-Yebuah
The Asadas,2020,7.7,91,Comedy,127 min,Ryôta Nakano,Jun Fubuki
On the Ride,2020,8.9,8,Comedy,14 min,Jen McGowan,Jeremy Glazer
The Bra,2020,7.6,14,Comedy,3 min,Frank Modica,Frank Modica
 Bancroft,2017–2020,8.0,106,Comedy,46 min,Lawrence Gough,Francesca Annis
 Bancroft,2017–2020,7.8,108,Comedy,62 min,Lawrence Gough,Paul Adeyefa
 Hoogvliegers,2020– ,8.1,21,Comedy,"
Drama            ",Bobby Boermans,Josha Stradowski
 Brooklyn Nine-Nine,2013–2022,8.1,1576,Comedy,TV-14,Cortney Carrillo,Andy Samberg
 Hoogvliegers,2020– ,8.1,9,Comedy,"
Drama            ",Bobby Boermans,Josha Stradowski
 Hoogvliegers,2020– ,8.4,11,Comedy,"
Drama            ",Bobby Boermans,Josha Stradowski
 Hoogvliegers,2020– ,7.8,11,Comedy,"
Drama            ",Bobby Boermans,Josha Stradowski
 Hoogvliegers,2020– ,8.2,11,Comedy,"
Drama            ",Bobby Boermans,Josha Stradowski
 Hoogvliegers,2020– ,7.8,17,Comedy,"
Drama            ",Bobby Boermans,Josha Stradowski
 Hoogvliegers,2020– ,8.4,19,Comedy,"
Drama            ",Bobby Boermans,Josha Stradowski
 Hoogvliegers,2020– ,7.0,25,Comedy,"
Drama            ",Bobby Boermans,Josha Stradowski
Dreambuilders,2020,6.1,696,Comedy,81 min,Kim Hagen Jensen,Tonni Zinck
The Altruist,I 2020,5.1,23,Comedy,35 min,Matt Smith,Elizabeth Jackson
Kedarnath,2018,6.6,10511,Drama,Not Rated,Abhishek Kapoor,Sushant Singh Rajput
Tea With the Dames,2018,7.3,1993,Drama,Unrated,Roger Michell,Maggie Smith
BANDSTAND: The Broadway Musical on Screen,2018,9.2,92,Drama,130 min,Lorenzo Thione,Matt Hoffman
Kona fer í stríð,2018,7.4,8364,Drama,Not Rated,Benedikt Erlingsson,Halldóra Geirharðsdóttir
Like Arrows,2018,6.5,416,Drama,Not Rated,Kevin Peeples,Micah Lynn Hanson
Transit,I 2018,6.9,8672,Drama,Not Rated,Christian Petzold,Franz Rogowski
Mirai,2018,7.0,12883,Drama,PG,Mamoru Hosoda,Rebecca Hall
Climax,I 2018,7.0,54689,Drama,R,Gaspar Noé,Sofia Boutella
Sui Dhaaga: Made in India,2018,6.8,7246,Drama,Not Rated,Sharat Katariya,Anushka Sharma
Pokémon the Movie: The Power of Us,2018,6.3,2113,Drama,Not Rated,Tetsuo Yajima,Sarah Natochenny
Border,2018,7.0,25366,Drama,R,Ali Abbasi,Eva Melander
The Church,I 2018,2.8,136,Drama,PG-13,Dom Frank,Clint Howard
Kasal,2018,7.7,76,Drama,TV-PG,Ruel S. Bayani,Bea Alonzo
How Long Will I Love U,2018,6.4,879,Drama,101 min,Lun Su,Jiayin Lei
The Game Changers,2018,7.9,16693,Drama,86 min,Louie Psihoyos,James Wilks
Vox Lux,2018,5.9,16545,Drama,R,Brady Corbet,Natalie Portman
More Than Blue,2018,6.1,893,Drama,105 min,Gavin Lin,Ivy Yi-Han Chen
Burning,2018,7.5,51449,Drama,Not Rated,Chang-dong Lee,Ah-in Yoo
The Little Stranger,2018,5.5,9005,Drama,R,Lenny Abrahamson,Domhnall Gleeson
The Catcher Was a Spy,2018,6.2,7950,Drama,R,Ben Lewin,Paul Rudd
Monster Hunt 2,2018,5.4,1425,Drama,Not Rated,Raman Hui,Tony Chiu-Wai Leung
Double Lives,2018,6.5,4404,Drama,R,Olivier Assayas,Guillaume Canet
Boundaries,I 2018,5.2,2130,Drama,R,Shana Feste,Vera Farmiga
The Island,2018,6.3,1404,Drama,134 min,Bo Huang,Bo Huang
First Love,2018,5.8,128,Drama,122 min,Paul Soriano,Aga Muhlach
Lizzie,2018,5.8,6481,Drama,R,Craig William Macneill,Chloë Sevigny
You Are Here: A Come From Away Story,2018,8.8,197,Drama,84 min,Moze Mossanen,Beverley Bass
"Love, Gilda",2018,7.4,1385,Drama,Not Rated,Lisa D'Apolito,Andrew Alexander
The Chaperone,2018,6.5,1253,Drama,Not Rated,Michael Engler,Elizabeth McGovern
Bethany Hamilton: Unstoppable,2018,7.4,578,Drama,PG,Aaron Lieber,Alana Blanchard
Exes Baggage,2018,6.7,232,Drama,104 min,Dan Villegas,Angelica Panganiban
The Public,2018,6.6,3455,Drama,PG-13,Emilio Estevez,Alec Baldwin
Husband Material,2018,6.9,7251,Drama,Not Rated,Anurag Kashyap,Taapsee Pannu
A Cool Fish,2018,7.0,1405,Drama,Not Rated,Xiaozhi Rao,Jianbin Chen
Pick of the Litter,2018,7.6,1319,Drama,TV-PG,Don Hardy,Dana Nachman
Shadow,2018,7.0,13178,Drama,Not Rated,Yimou Zhang,Chao Deng
Wild Nights with Emily,2018,6.2,943,Drama,PG-13,Madeleine Olnek,Molly Shannon
Birds of Passage,2018,7.5,10570,Drama,Not Rated,Cristina Gallego,Ciro Guerra
Monsters and Men,2018,5.9,2003,Drama,R,Reinaldo Marcus Green,John David Washington
Long Day's Journey Into Night,2018,7.2,6695,Drama,Not Rated,Bi Gan,Tang Wei
The Spy Gone North,2018,7.3,3787,Drama,Not Rated,Jong-bin Yoon,Jung-min Hwang
The Russian Five,2018,8.2,1073,Drama,Not Rated,Joshua Riehl,Jeff Daniels
The 16th Episode,2018,4.9,1947,Drama,93 min,Jérôme Cohen-Olivar,Aouatefe Lahmani
The Great Battle,2018,7.0,4085,Drama,Not Rated,Kwang-shik Kim,Nam Joo-Hyuk
The Happy Prince,2018,6.2,4694,Drama,R,Rupert Everett,Colin Firth
Tel Aviv on Fire,2018,6.7,1814,Drama,100 min,Sameh Zoabi,Kais Nashif
Teen Spirit,2018,6.1,7763,Drama,PG-13,Max Minghella,Elle Fanning
Jack Em Popoy: The Puliscredibles,2018,6.1,63,Drama,115 min,Michael Tuviera,Vic Sotto
The Cold Blue,2018,7.5,705,Drama,TV-PG,Erik Nelson,V.G. Alexander
Jiang hu er nü,2018,7.0,7974,Drama,Not Rated,Zhangke Jia,Tao Zhao
